Date,UK,DE,FR,IT,NL,ES,PT,BE,AT
2022-05-08,447.00,99.00,94.00,100.00,62.00,45.00,30.00,18.00,15.00
2022-05-09,415.00,101.00,106.00,89.00,75.00,50.00,32.00,19.00,10.00
2022-05-10,388.00,121.00,87.00,110.00,84.00,44.00,31.00,20.00,11.00
2022-05-11,362.00,94.00,94.00,82.00,56.00,33.00,19.00,13.00,10.00
2022-05-12,345.00,98.00,74.00,88.00,53.00,27.00,18.00,11.00,8.00
2022-05-13,335.00,54.00,77.00,77.00,48.00,25.00,18.00,15.00,9.00
2022-05-14,339.00,87.00,84.00,92.00,55.00,28.00,13.00,15.00,8.00
2022-05-15,450.00,108.00,94.00,103.00,48.00,31.00,19.00,22.00,13.00
2022-05-16,249.00,83.00,62.00,75.00,68.00,42.00,25.00,15.00,8.00
2022-05-17,268.00,67.00,65.00,71.00,53.00,28.00,15.00,22.00,7.00
2022-05-18,267.00,74.00,71.00,91.00,67.00,24.00,16.00,25.00,4.00
2022-05-19,251.00,72.00,61.00,77.00,47.00,35.00,14.00,13.00,7.00
2022-05-20,266.00,61.00,56.00,67.00,44.00,28.00,12.00,20.00,8.00
2022-05-21,341.00,67.00,49.00,56.00,43.00,17.00,12.00,14.00,13.00
2022-05-22,363.00,107.00,67.00,79.00,61.00,21.00,15.00,15.00,8.00
2022-05-23,278.00,68.00,75.00,86.00,55.00,18.00,17.00,11.00,9.00
2022-05-24,330.00,73.00,70.00,85.00,67.00,41.00,8.00,19.00,13.00
2022-05-25,274.00,80.00,57.00,81.00,70.00,38.00,14.00,11.00,7.00
2022-05-26,246.00,80.00,73.00,74.00,100.00,35.00,15.00,16.00,8.00
2022-05-27,264.00,67.00,65.00,89.00,82.00,28.00,15.00,18.00,7.00
2022-05-28,294.00,98.00,71.00,84.00,92.00,36.00,9.00,25.00,5.00
2022-05-29,270.00,101.00,78.00,100.00,95.00,35.00,20.00,24.00,12.00
2022-05-30,257.00,74.00,67.00,92.00,87.00,39.00,23.00,24.00,11.00
2022-05-31,306.00,97.00,82.00,94.00,81.00,34.00,26.00,20.00,8.00
2022-06-01,333.00,101.00,77.00,97.00,89.00,43.00,10.00,22.00,11.00
2022-06-02,284.00,57.00,71.00,123.00,57.00,39.00,17.00,15.00,6.00
2022-06-03,286.00,68.00,75.00,104.00,69.00,42.00,16.00,15.00,5.00
2022-06-04,287.00,72.00,77.00,89.00,69.00,29.00,16.00,29.00,7.00
2022-06-05,347.00,85.00,85.00,96.00,71.00,34.00,15.00,23.00,6.00
2022-06-06,346.00,87.00,70.00,98.00,106.00,42.00,15.00,21.00,10.00
2022-06-07,338.00,92.00,88.00,90.00,59.00,28.00,20.00,19.00,11.00
2022-06-08,347.00,82.00,73.00,82.00,92.00,36.00,17.00,20.00,10.00
2022-06-09,306.00,151.00,68.00,85.00,157.00,42.00,20.00,16.00,24.00
2022-06-10,315.00,158.00,40.00,75.00,120.00,34.00,12.00,13.00,16.00
2022-06-11,350.00,194.00,59.00,82.00,174.00,35.00,10.00,15.00,10.00
2022-06-12,411.00,204.00,80.00,81.00,150.00,37.00,7.00,24.00,14.00
2022-06-13,492.00,137.00,89.00,93.00,112.00,36.00,18.00,15.00,19.00
2022-06-14,354.00,127.00,72.00,72.00,144.00,25.00,15.00,23.00,18.00
2022-06-15,671.00,208.00,57.00,72.00,242.00,25.00,14.00,14.00,12.00
2022-06-16,535.00,218.00,51.00,64.00,211.00,21.00,22.00,30.00,18.00
2022-06-17,479.00,192.00,41.00,69.00,211.00,25.00,11.00,16.00,11.00
2022-06-18,648.00,203.00,42.00,50.00,202.00,13.00,13.00,27.00,11.00
2022-06-19,583.00,236.00,50.00,69.00,217.00,22.00,14.00,20.00,15.00
2022-06-20,456.00,183.00,68.00,63.00,227.00,30.00,21.00,20.00,11.00
2022-06-21,494.00,181.00,59.00,86.00,226.00,23.00,15.00,16.00,16.00
2022-06-22,382.00,225.00,237.00,82.00,286.00,88.00,11.00,20.00,18.00
2022-06-23,451.00,191.00,163.00,52.00,251.00,75.00,23.00,12.00,13.00
2022-06-24,471.00,198.00,168.00,60.00,215.00,74.00,13.00,12.00,11.00
2022-06-25,524.00,184.00,195.00,57.00,258.00,67.00,9.00,23.00,11.00
2022-06-26,610.00,208.00,172.00,73.00,301.00,47.00,15.00,16.00,15.00
2022-06-27,439.00,162.00,147.00,81.00,255.00,68.00,14.00,17.00,17.00
2022-06-28,480.00,196.00,141.00,62.00,233.00,81.00,22.00,12.00,8.00
2022-06-29,449.00,169.00,152.00,71.00,220.00,61.00,9.00,13.00,15.00
2022-06-30,794.00,203.00,142.00,66.00,206.00,64.00,17.00,17.00,31.00
2022-07-01,660.00,204.00,142.00,72.00,172.00,48.00,56.00,59.00,30.00
2022-07-02,767.00,192.00,146.00,228.00,232.00,50.00,31.00,33.00,23.00
2022-07-03,797.00,220.00,152.00,182.00,241.00,63.00,44.00,36.00,14.00
2022-07-04,649.00,197.00,133.00,168.00,215.00,50.00,33.00,39.00,25.00
2022-07-05,718.00,217.00,132.00,189.00,231.00,49.00,64.00,40.00,20.00
2022-07-06,671.00,202.00,133.00,133.00,228.00,52.00,44.00,41.00,19.00
2022-07-07,824.00,202.00,154.00,225.00,214.00,61.00,65.00,55.00,28.00
2022-07-08,809.00,169.00,140.00,200.00,159.00,59.00,73.00,35.00,20.00
2022-07-09,1084.00,339.00,252.00,292.00,363.00,114.00,54.00,57.00,16.00
2022-07-10,986.00,303.00,212.00,248.00,280.00,90.00,52.00,45.00,23.00
2022-07-11,822.00,198.00,191.00,234.00,227.00,91.00,71.00,43.00,32.00
2022-07-12,672.00,160.00,120.00,179.00,216.00,66.00,61.00,33.00,23.00
2022-07-13,1047.00,275.00,156.00,300.00,259.00,118.00,70.00,47.00,23.00
2022-07-14,1281.00,310.00,242.00,295.00,264.00,159.00,102.00,65.00,33.00
2022-07-15,1075.00,202.00,212.00,228.00,332.00,95.00,74.00,54.00,17.00
2022-07-16,1139.00,234.00,235.00,221.00,270.00,93.00,66.00,38.00,24.00
2022-07-17,1220.00,245.00,255.00,229.00,267.00,95.00,54.00,56.00,22.00
2022-07-18,928.00,208.00,272.00,238.00,256.00,80.00,62.00,57.00,22.00
2022-07-19,901.00,214.00,306.00,191.00,217.00,72.00,65.00,56.00,17.00
2022-07-20,930.00,229.00,203.00,195.00,227.00,64.00,57.00,34.00,27.00
2022-07-21,854.00,230.00,185.00,195.00,196.00,83.00,57.00,54.00,23.00
2022-07-22,1104.00,225.00,167.00,173.00,242.00,91.00,67.00,57.00,25.00
2022-07-23,1021.00,194.00,176.00,174.00,246.00,60.00,41.00,44.00,24.00
2022-07-24,1019.00,234.00,171.00,185.00,199.00,60.00,51.00,39.00,19.00
2022-07-25,876.00,211.00,146.00,180.00,224.00,67.00,61.00,42.00,22.00
2022-07-26,948.00,199.00,171.00,154.00,254.00,61.00,51.00,36.00,18.00
2022-07-27,951.00,200.00,154.00,165.00,206.00,71.00,50.00,45.00,18.00
2022-07-28,1003.00,213.00,168.00,189.00,223.00,60.00,60.00,42.00,13.00
2022-07-29,976.00,190.00,147.00,176.00,151.00,66.00,52.00,37.00,17.00
2022-07-30,1008.00,205.00,139.00,206.00,179.00,62.00,37.00,47.00,18.00
2022-07-31,1048.00,208.00,159.00,197.00,182.00,67.00,58.00,45.00,20.00
2022-08-01,848.00,195.00,145.00,179.00,147.00,78.00,48.00,41.00,23.00
2022-08-02,1509.00,248.00,194.00,261.00,246.00,144.00,84.00,53.00,36.00
2022-08-03,1187.00,249.00,196.00,257.00,251.00,108.00,79.00,61.00,28.00
2022-08-04,1101.00,214.00,143.00,210.00,172.00,65.00,54.00,33.00,13.00
2022-08-05,1100.00,193.00,134.00,156.00,178.00,68.00,32.00,28.00,20.00
2022-08-06,1116.00,197.00,158.00,178.00,199.00,71.00,42.00,29.00,23.00
2022-08-07,1128.00,224.00,129.00,172.00,170.00,58.00,47.00,40.00,21.00
2022-08-08,981.00,206.00,115.00,161.00,182.00,66.00,58.00,32.00,23.00
2022-08-09,1104.00,202.00,130.00,129.00,197.00,71.00,45.00,37.00,13.00
2022-08-10,919.00,175.00,163.00,156.00,188.00,71.00,46.00,31.00,15.00
2022-08-11,1285.00,230.00,227.00,204.00,237.00,76.00,65.00,42.00,28.00
2022-08-12,838.00,201.00,142.00,146.00,156.00,57.00,31.00,22.00,17.00
2022-08-13,854.00,191.00,125.00,126.00,162.00,56.00,39.00,30.00,16.00
2022-08-14,912.00,197.00,108.00,83.00,153.00,38.00,33.00,29.00,12.00
2022-08-15,794.00,167.00,138.00,108.00,160.00,59.00,35.00,26.00,16.00
2022-08-16,847.00,159.00,126.00,109.00,158.00,51.00,43.00,36.00,12.00
2022-08-17,864.00,175.00,121.00,119.00,170.00,40.00,44.00,29.00,20.00
2022-08-18,779.00,156.00,123.00,121.00,150.00,37.00,38.00,13.00,18.00
2022-08-19,829.00,131.00,98.00,133.00,136.00,46.00,29.00,18.00,9.00
2022-08-20,709.00,159.00,94.00,95.00,112.00,39.00,22.00,15.00,16.00
2022-08-21,640.00,133.00,96.00,113.00,142.00,35.00,23.00,12.00,13.00
2022-08-22,762.00,121.00,94.00,102.00,127.00,40.00,35.00,12.00,12.00
2022-08-23,805.00,134.00,134.00,111.00,151.00,46.00,19.00,17.00,13.00
2022-08-24,822.00,175.00,307.00,113.00,173.00,74.00,43.00,24.00,13.00
2022-08-25,811.00,156.00,163.00,112.00,137.00,52.00,33.00,23.00,11.00
2022-08-26,845.00,143.00,125.00,119.00,128.00,55.00,38.00,25.00,11.00
2022-08-27,595.00,153.00,111.00,94.00,88.00,27.00,20.00,21.00,9.00
2022-08-28,545.00,154.00,109.00,107.00,114.00,32.00,30.00,16.00,8.00
2022-08-29,582.00,107.00,77.00,66.00,79.00,40.00,20.00,13.00,5.00
2022-08-30,515.00,110.00,82.00,69.00,105.00,27.00,17.00,19.00,7.00
2022-08-31,532.00,137.00,95.00,87.00,101.00,56.00,37.00,30.00,14.00
2022-09-01,579.00,121.00,111.00,91.00,102.00,49.00,24.00,17.00,16.00
2022-09-02,648.00,115.00,92.00,89.00,75.00,31.00,33.00,12.00,9.00
2022-09-03,716.00,102.00,86.00,73.00,66.00,24.00,10.00,15.00,7.00
2022-09-04,707.00,125.00,86.00,72.00,94.00,35.00,23.00,19.00,16.00
2022-09-05,575.00,95.00,104.00,84.00,78.00,30.00,35.00,14.00,19.00
2022-09-06,588.00,111.00,128.00,54.00,86.00,38.00,24.00,17.00,18.00
2022-09-07,617.00,114.00,116.00,70.00,90.00,37.00,18.00,21.00,12.00
2022-09-08,558.00,146.00,90.00,68.00,83.00,33.00,22.00,21.00,13.00
2022-09-09,394.00,129.00,79.00,73.00,83.00,35.00,22.00,13.00,16.00
2022-09-10,536.00,164.00,126.00,61.00,96.00,35.00,15.00,26.00,15.00
2022-09-11,444.00,179.00,107.00,76.00,89.00,34.00,26.00,16.00,19.00
2022-09-12,546.00,175.00,98.00,70.00,97.00,50.00,34.00,21.00,21.00
2022-09-13,544.00,170.00,94.00,69.00,87.00,30.00,30.00,19.00,19.00
2022-09-14,558.00,176.00,89.00,70.00,113.00,42.00,31.00,20.00,14.00
2022-09-15,654.00,185.00,104.00,79.00,121.00,54.00,27.00,23.00,22.00
2022-09-16,591.00,162.00,89.00,75.00,97.00,45.00,26.00,17.00,13.00
2022-09-17,553.00,193.00,84.00,87.00,93.00,34.00,18.00,24.00,23.00
2022-09-18,637.00,299.00,110.00,69.00,143.00,35.00,26.00,29.00,27.00
2022-09-19,547.00,192.00,111.00,87.00,77.00,50.00,26.00,33.00,32.00
2022-09-20,455.00,185.00,86.00,76.00,108.00,44.00,23.00,28.00,25.00
2022-09-21,515.00,183.00,108.00,102.00,99.00,30.00,27.00,24.00,31.00
2022-09-22,503.00,151.00,113.00,90.00,86.00,40.00,23.00,29.00,23.00
2022-09-23,710.00,216.00,147.00,163.00,159.00,63.00,54.00,24.00,34.00
2022-09-24,665.00,193.00,108.00,125.00,129.00,48.00,22.00,39.00,18.00
2022-09-25,706.00,222.00,139.00,127.00,124.00,46.00,27.00,36.00,18.00
2022-09-26,833.00,205.00,141.00,170.00,192.00,64.00,42.00,37.00,18.00
2022-09-27,608.00,188.00,129.00,125.00,158.00,47.00,22.00,30.00,25.00
2022-09-28,694.00,194.00,160.00,118.00,157.00,45.00,23.00,31.00,19.00
2022-09-29,689.00,189.00,128.00,116.00,122.00,57.00,34.00,21.00,28.00
2022-09-30,637.00,206.00,147.00,108.00,84.00,44.00,16.00,20.00,14.00
2022-10-01,616.00,203.00,150.00,88.00,97.00,37.00,17.00,22.00,15.00
2022-10-02,643.00,224.00,164.00,87.00,98.00,23.00,16.00,24.00,22.00
2022-10-03,502.00,222.00,125.00,83.00,96.00,40.00,20.00,18.00,30.00
2022-10-04,523.00,211.00,130.00,82.00,106.00,50.00,19.00,28.00,20.00
2022-10-05,465.00,161.00,121.00,77.00,90.00,39.00,21.00,26.00,20.00
2022-10-06,478.00,185.00,135.00,68.00,75.00,41.00,22.00,26.00,16.00
2022-10-07,468.00,178.00,120.00,71.00,92.00,41.00,20.00,13.00,13.00
2022-10-08,388.00,173.00,99.00,51.00,83.00,26.00,13.00,19.00,10.00
2022-10-09,602.00,210.00,126.00,93.00,92.00,36.00,31.00,37.00,18.00
2022-10-10,467.00,140.00,117.00,85.00,87.00,40.00,30.00,14.00,17.00
2022-10-11,411.00,155.00,110.00,97.00,84.00,44.00,21.00,20.00,7.00
2022-10-12,446.00,156.00,112.00,75.00,67.00,35.00,18.00,23.00,19.00
2022-10-13,447.00,153.00,107.00,79.00,89.00,41.00,26.00,23.00,25.00
2022-10-14,443.00,143.00,109.00,81.00,86.00,33.00,27.00,19.00,12.00
2022-10-15,539.00,180.00,129.00,105.00,90.00,37.00,14.00,19.00,20.00
2022-10-16,579.00,200.00,121.00,83.00,85.00,46.00,19.00,24.00,17.00
2022-10-17,436.00,166.00,119.00,82.00,90.00,43.00,23.00,17.00,12.00
2022-10-18,404.00,156.00,206.00,89.00,96.00,37.00,35.00,20.00,18.00
2022-10-19,429.00,169.00,152.00,68.00,89.00,40.00,33.00,14.00,23.00
2022-10-20,565.00,231.00,134.00,107.00,123.00,55.00,45.00,18.00,27.00
2022-10-21,678.00,231.00,137.00,96.00,106.00,51.00,51.00,21.00,15.00
2022-10-22,771.00,297.00,183.00,163.00,172.00,93.00,67.00,39.00,31.00
2022-10-23,884.00,295.00,207.00,142.00,186.00,95.00,72.00,41.00,26.00
2022-10-24,734.00,268.00,177.00,120.00,198.00,77.00,76.00,24.00,23.00
2022-10-25,466.00,227.00,140.00,104.00,153.00,67.00,62.00,26.00,14.00
2022-10-26,474.00,198.00,170.00,114.00,163.00,65.00,62.00,25.00,26.00
2022-10-27,460.00,180.00,158.00,147.00,176.00,80.00,51.00,25.00,24.00
2022-10-28,435.00,133.00,111.00,62.00,85.00,38.00,29.00,18.00,10.00
2022-10-29,470.00,134.00,111.00,50.00,82.00,32.00,22.00,20.00,20.00
2022-10-30,632.00,140.00,112.00,72.00,82.00,27.00,28.00,27.00,19.00
2022-10-31,538.00,151.00,119.00,72.00,93.00,30.00,33.00,9.00,14.00
2022-11-01,521.00,160.00,130.00,98.00,79.00,51.00,40.00,30.00,25.00
2022-11-02,518.00,155.00,121.00,97.00,75.00,34.00,19.00,21.00,14.00
2022-11-03,477.00,151.00,143.00,75.00,75.00,40.00,27.00,30.00,13.00
2022-11-04,484.00,122.00,142.00,68.00,53.00,44.00,25.00,24.00,20.00
2022-11-05,575.00,157.00,165.00,97.00,87.00,37.00,22.00,25.00,19.00
2022-11-06,682.00,196.00,175.00,122.00,79.00,45.00,29.00,31.00,20.00
2022-11-07,553.00,128.00,141.00,124.00,93.00,60.00,40.00,28.00,15.00
2022-11-08,547.00,150.00,144.00,100.00,77.00,44.00,27.00,18.00,22.00
2022-11-09,542.00,146.00,114.00,101.00,86.00,52.00,30.00,25.00,19.00
2022-11-10,508.00,134.00,101.00,104.00,69.00,43.00,30.00,18.00,14.00
2022-11-11,874.00,242.00,204.00,158.00,133.00,93.00,76.00,35.00,23.00
2022-11-12,878.00,317.00,244.00,196.00,143.00,98.00,68.00,54.00,36.00
2022-11-13,1032.00,371.00,250.00,248.00,163.00,113.00,64.00,52.00,43.00
2022-11-14,521.00,175.00,134.00,142.00,72.00,46.00,32.00,40.00,16.00
2022-11-15,574.00,142.00,112.00,122.00,69.00,56.00,36.00,35.00,16.00
2022-11-16,458.00,144.00,108.00,146.00,82.00,41.00,26.00,31.00,18.00
2022-11-17,538.00,158.00,123.00,168.00,75.00,56.00,32.00,32.00,16.00
2022-11-18,3413.00,591.00,595.00,813.00,301.00,224.00,143.00,63.00,63.00
2022-11-19,2039.00,390.00,560.00,524.00,160.00,182.00,93.00,59.00,60.00
2022-11-20,1754.00,468.00,593.00,671.00,167.00,186.00,108.00,88.00,54.00
2022-11-21,2512.00,921.00,676.00,727.00,461.00,409.00,248.00,106.00,99.00
2022-11-22,2338.00,915.00,657.00,824.00,452.00,416.00,238.00,117.00,111.00
2022-11-23,2739.00,924.00,782.00,896.00,565.00,420.00,250.00,135.00,137.00
2022-11-24,3629.00,1507.00,971.00,1190.00,658.00,616.00,399.00,152.00,156.00
2022-11-25,7453.00,3347.00,2408.00,2211.00,1332.00,1163.00,827.00,354.00,319.00
2022-11-26,5324.00,2285.00,1826.00,1713.00,1060.00,738.00,495.00,235.00,202.00
2022-11-27,5900.00,3180.00,1761.00,2026.00,1107.00,802.00,557.00,255.00,225.00
2022-11-28,6143.00,3149.00,1326.00,1562.00,915.00,722.00,494.00,205.00,177.00
2022-11-29,2804.00,1298.00,667.00,691.00,396.00,340.00,229.00,109.00,127.00
2022-11-30,1020.00,348.00,268.00,201.00,94.00,72.00,82.00,34.00,38.00
2022-12-01,817.00,181.00,247.00,160.00,70.00,54.00,43.00,28.00,33.00
2022-12-02,782.00,214.00,234.00,136.00,90.00,59.00,54.00,37.00,31.00
2022-12-03,971.00,302.00,272.00,202.00,97.00,61.00,43.00,40.00,51.00
2022-12-04,1076.00,361.00,354.00,198.00,118.00,51.00,61.00,54.00,58.00
2022-12-05,1134.00,350.00,341.00,200.00,120.00,75.00,73.00,38.00,44.00
2022-12-06,1072.00,310.00,337.00,179.00,101.00,87.00,57.00,47.00,40.00
2022-12-07,2515.00,970.00,325.00,182.00,398.00,78.00,40.00,67.00,93.00
2022-12-08,2510.00,1010.00,310.00,204.00,353.00,88.00,70.00,38.00,136.00
2022-12-09,2374.00,981.00,295.00,241.00,350.00,75.00,79.00,44.00,122.00
2022-12-10,2733.00,1262.00,355.00,228.00,491.00,65.00,49.00,51.00,184.00
2022-12-11,3350.00,1561.00,430.00,268.00,522.00,98.00,70.00,58.00,205.00
2022-12-12,3302.00,1218.00,475.00,281.00,444.00,101.00,83.00,55.00,178.00
2022-12-13,2582.00,1092.00,400.00,295.00,385.00,88.00,75.00,61.00,140.00
2022-12-14,2344.00,1125.00,370.00,274.00,391.00,87.00,52.00,52.00,130.00
2022-12-15,2304.00,988.00,333.00,261.00,350.00,81.00,74.00,48.00,126.00
2022-12-16,2169.00,937.00,303.00,275.00,338.00,82.00,63.00,52.00,97.00
2022-12-17,2162.00,1119.00,363.00,286.00,362.00,84.00,56.00,49.00,148.00
2022-12-18,2048.00,1041.00,313.00,284.00,406.00,78.00,46.00,57.00,114.00
2022-12-19,1647.00,807.00,296.00,257.00,292.00,105.00,46.00,41.00,83.00
2022-12-20,1335.00,647.00,247.00,185.00,316.00,108.00,53.00,38.00,77.00
2022-12-21,1074.00,560.00,179.00,141.00,287.00,65.00,29.00,23.00,60.00
2022-12-22,994.00,424.00,146.00,88.00,267.00,69.00,19.00,16.00,51.00
2022-12-23,852.00,387.00,114.00,105.00,262.00,54.00,21.00,16.00,57.00
2022-12-24,703.00,278.00,111.00,84.00,196.00,47.00,16.00,14.00,52.00
2022-12-25,912.00,303.00,86.00,62.00,150.00,42.00,17.00,11.00,31.00
2022-12-26,1728.00,285.00,131.00,69.00,187.00,67.00,14.00,20.00,48.00
2022-12-27,1612.00,370.00,110.00,86.00,232.00,82.00,25.00,18.00,53.00
2022-12-28,1514.00,348.00,116.00,93.00,243.00,95.00,27.00,17.00,56.00
2022-12-29,2235.00,538.00,108.00,59.00,379.00,84.00,24.00,16.00,62.00
2022-12-30,2154.00,434.00,107.00,43.00,285.00,69.00,18.00,16.00,62.00
2022-12-31,1520.00,280.00,65.00,25.00,171.00,44.00,10.00,11.00,37.00
2023-01-01,1244.00,281.00,60.00,41.00,196.00,39.00,9.00,5.00,43.00
2023-01-02,1414.00,333.00,98.00,54.00,343.00,75.00,22.00,17.00,55.00
2023-01-03,1648.00,415.00,89.00,51.00,369.00,261.00,133.00,153.00,68.00
2023-01-04,1254.00,388.00,99.00,49.00,311.00,217.00,117.00,115.00,55.00
2023-01-05,1232.00,375.00,75.00,646.00,341.00,226.00,94.00,129.00,51.00
2023-01-06,1043.00,368.00,71.00,494.00,298.00,275.00,84.00,92.00,38.00
2023-01-07,1115.00,286.00,71.00,408.00,297.00,363.00,106.00,80.00,34.00
2023-01-08,1142.00,285.00,70.00,399.00,274.00,308.00,109.00,93.00,40.00
2023-01-09,948.00,277.00,64.00,336.00,263.00,262.00,91.00,72.00,27.00
2023-01-10,1088.00,350.00,57.00,344.00,268.00,246.00,102.00,83.00,37.00
2023-01-11,931.00,317.00,839.00,370.00,226.00,227.00,77.00,68.00,28.00
2023-01-12,873.00,253.00,432.00,285.00,211.00,186.00,80.00,81.00,35.00
2023-01-13,944.00,263.00,324.00,262.00,166.00,167.00,58.00,61.00,35.00
2023-01-14,903.00,273.00,363.00,231.00,183.00,160.00,41.00,87.00,33.00
2023-01-15,1073.00,306.00,361.00,301.00,230.00,191.00,72.00,72.00,29.00
2023-01-16,973.00,312.00,458.00,437.00,227.00,248.00,74.00,71.00,37.00
2023-01-17,760.00,213.00,285.00,270.00,167.00,175.00,60.00,58.00,23.00
2023-01-18,798.00,270.00,418.00,374.00,245.00,180.00,60.00,66.00,43.00
2023-01-19,821.00,355.00,405.00,354.00,296.00,183.00,85.00,68.00,43.00
2023-01-20,940.00,265.00,353.00,296.00,307.00,172.00,90.00,66.00,40.00
2023-01-21,1142.00,381.00,453.00,364.00,359.00,173.00,75.00,99.00,56.00
2023-01-22,990.00,388.00,513.00,342.00,328.00,154.00,61.00,92.00,54.00
2023-01-23,816.00,263.00,424.00,305.00,246.00,172.00,74.00,78.00,47.00
2023-01-24,843.00,248.00,808.00,294.00,269.00,168.00,75.00,61.00,43.00
2023-01-25,727.00,215.00,516.00,236.00,289.00,136.00,56.00,73.00,31.00
2023-01-26,736.00,269.00,407.00,236.00,274.00,141.00,76.00,59.00,29.00
2023-01-27,807.00,250.00,405.00,261.00,249.00,143.00,49.00,60.00,36.00
2023-01-28,791.00,255.00,455.00,219.00,201.00,128.00,47.00,81.00,47.00
2023-01-29,884.00,252.00,360.00,236.00,261.00,126.00,55.00,78.00,33.00
2023-01-30,851.00,234.00,351.00,213.00,225.00,151.00,69.00,61.00,39.00
2023-01-31,1148.00,256.00,357.00,173.00,187.00,157.00,80.00,93.00,42.00
2023-02-01,1305.00,464.00,352.00,212.00,459.00,138.00,47.00,54.00,52.00
2023-02-02,1127.00,602.00,279.00,207.00,368.00,98.00,58.00,61.00,45.00
2023-02-03,887.00,405.00,271.00,173.00,232.00,90.00,35.00,45.00,51.00
2023-02-04,1543.00,443.00,266.00,193.00,402.00,85.00,24.00,88.00,85.00
2023-02-05,1067.00,381.00,296.00,187.00,289.00,84.00,41.00,63.00,61.00
2023-02-06,773.00,233.00,249.00,169.00,189.00,58.00,30.00,56.00,31.00
2023-02-07,871.00,302.00,380.00,243.00,249.00,118.00,48.00,44.00,34.00
2023-02-08,798.00,266.00,237.00,217.00,269.00,109.00,48.00,49.00,50.00
2023-02-09,1074.00,346.00,245.00,243.00,286.00,81.00,49.00,63.00,47.00
2023-02-10,798.00,232.00,219.00,198.00,200.00,77.00,23.00,39.00,33.00
2023-02-11,746.00,202.00,188.00,174.00,153.00,61.00,20.00,42.00,22.00
2023-02-12,789.00,208.00,232.00,184.00,188.00,65.00,25.00,43.00,28.00
2023-02-13,650.00,176.00,208.00,156.00,156.00,64.00,36.00,27.00,26.00
2023-02-14,663.00,327.00,158.00,140.00,141.00,55.00,29.00,35.00,28.00
2023-02-15,451.00,132.00,147.00,141.00,104.00,64.00,20.00,20.00,31.00
2023-02-16,469.00,123.00,171.00,145.00,148.00,74.00,21.00,19.00,11.00
2023-02-17,482.00,136.00,259.00,186.00,115.00,72.00,36.00,22.00,21.00
2023-02-18,535.00,142.00,474.00,190.00,128.00,62.00,26.00,19.00,16.00
2023-02-19,598.00,159.00,412.00,170.00,143.00,79.00,28.00,19.00,19.00
2023-02-20,456.00,127.00,275.00,164.00,124.00,70.00,19.00,23.00,8.00
2023-02-21,501.00,128.00,171.00,113.00,116.00,55.00,26.00,28.00,12.00
2023-02-22,472.00,127.00,144.00,107.00,110.00,39.00,20.00,17.00,13.00
2023-02-23,477.00,136.00,144.00,115.00,124.00,66.00,27.00,20.00,7.00
2023-02-24,547.00,121.00,145.00,96.00,156.00,52.00,25.00,20.00,20.00
2023-02-25,747.00,174.00,215.00,146.00,213.00,75.00,34.00,29.00,25.00
2023-02-26,677.00,201.00,189.00,144.00,175.00,74.00,30.00,29.00,15.00
2023-02-27,552.00,159.00,180.00,124.00,129.00,74.00,36.00,29.00,19.00
2023-02-28,833.00,147.00,206.00,165.00,161.00,87.00,37.00,26.00,18.00
2023-03-01,550.00,111.00,103.00,84.00,72.00,51.00,37.00,23.00,10.00
2023-03-02,407.00,69.00,59.00,69.00,56.00,32.00,24.00,12.00,13.00
2023-03-03,359.00,68.00,47.00,40.00,36.00,25.00,11.00,11.00,9.00
2023-03-04,394.00,70.00,73.00,34.00,28.00,13.00,4.00,12.00,5.00
2023-03-05,467.00,85.00,66.00,46.00,25.00,18.00,22.00,18.00,5.00
2023-03-06,369.00,72.00,80.00,41.00,42.00,15.00,22.00,11.00,6.00
2023-03-07,344.00,58.00,79.00,53.00,34.00,21.00,22.00,11.00,4.00
2023-03-08,415.00,92.00,65.00,42.00,46.00,17.00,24.00,13.00,5.00
2023-03-09,548.00,98.00,96.00,46.00,50.00,30.00,35.00,18.00,9.00
2023-03-10,501.00,102.00,85.00,74.00,48.00,25.00,29.00,22.00,12.00
2023-03-11,417.00,87.00,81.00,53.00,34.00,18.00,15.00,8.00,4.00
2023-03-12,392.00,115.00,65.00,51.00,47.00,21.00,22.00,14.00,7.00
2023-03-13,339.00,75.00,72.00,53.00,32.00,27.00,29.00,12.00,5.00
2023-03-14,315.00,76.00,69.00,33.00,31.00,19.00,20.00,15.00,7.00
2023-03-15,178.00,36.00,40.00,34.00,18.00,6.00,8.00,5.00,6.00
2023-03-16,169.00,32.00,32.00,22.00,17.00,6.00,10.00,1.00,1.00
2023-03-17,311.00,64.00,67.00,30.00,37.00,11.00,19.00,7.00,9.00
2023-03-18,399.00,86.00,64.00,47.00,38.00,13.00,10.00,13.00,7.00
2023-03-19,374.00,118.00,63.00,42.00,52.00,17.00,6.00,10.00,7.00
2023-03-20,362.00,67.00,53.00,38.00,57.00,11.00,23.00,13.00,10.00
2023-03-21,322.00,75.00,62.00,36.00,55.00,19.00,7.00,11.00,11.00
2023-03-22,315.00,61.00,47.00,40.00,45.00,18.00,20.00,15.00,13.00
2023-03-23,279.00,58.00,56.00,33.00,49.00,8.00,7.00,4.00,8.00
2023-03-24,335.00,61.00,45.00,34.00,47.00,10.00,16.00,10.00,18.00
2023-03-25,425.00,66.00,73.00,32.00,65.00,23.00,15.00,22.00,6.00
2023-03-26,467.00,88.00,66.00,49.00,60.00,24.00,17.00,18.00,12.00
2023-03-27,307.00,55.00,49.00,52.00,39.00,22.00,16.00,13.00,6.00
2023-03-28,302.00,53.00,49.00,32.00,36.00,14.00,8.00,12.00,8.00
2023-03-29,228.00,67.00,57.00,26.00,47.00,15.00,13.00,11.00,13.00
2023-03-30,222.00,46.00,48.00,29.00,33.00,13.00,9.00,11.00,6.00
2023-03-31,22.00,0.00,0.00,2.00,0.00,0.00,0.00,0.00,0.00
2023-04-01,31.00,3.00,0.00,1.00,1.00,0.00,0.00,0.00,0.00
2023-04-02,32.00,1.00,3.00,2.00,0.00,0.00,0.00,0.00,0.00
2023-04-03,30.00,0.00,2.00,0.00,0.00,0.00,0.00,1.00,0.00
2023-04-04,18.00,1.00,4.00,3.00,0.00,0.00,0.00,0.00,0.00
2023-04-05,26.00,2.00,2.00,1.00,0.00,0.00,1.00,0.00,0.00
2023-04-06,21.00,3.00,0.00,2.00,2.00,0.00,0.00,0.00,0.00
2023-04-07,21.00,0.00,5.00,1.00,2.00,0.00,0.00,0.00,0.00
2023-04-08,28.00,1.00,6.00,1.00,0.00,0.00,0.00,1.00,0.00
2023-04-09,28.00,0.00,2.00,1.00,2.00,0.00,0.00,0.00,0.00
2023-04-10,32.00,1.00,2.00,1.00,0.00,0.00,0.00,0.00,0.00
2023-04-11,27.00,0.00,3.00,2.00,0.00,0.00,0.00,0.00,0.00
2023-04-12,15.00,2.00,5.00,1.00,0.00,0.00,1.00,0.00,0.00
2023-04-13,283.00,73.00,60.00,54.00,45.00,23.00,9.00,11.00,10.00
2023-04-14,327.00,83.00,55.00,48.00,51.00,11.00,15.00,15.00,12.00
2023-04-15,308.00,93.00,76.00,61.00,49.00,22.00,11.00,18.00,13.00
2023-04-16,364.00,143.00,110.00,66.00,73.00,30.00,16.00,27.00,13.00
2023-04-17,311.00,72.00,85.00,56.00,52.00,24.00,12.00,6.00,13.00
2023-04-18,293.00,86.00,69.00,53.00,52.00,18.00,11.00,11.00,6.00
2023-04-19,279.00,71.00,58.00,34.00,54.00,17.00,6.00,13.00,8.00
2023-04-20,275.00,82.00,76.00,41.00,55.00,25.00,12.00,10.00,10.00
2023-04-21,279.00,61.00,53.00,33.00,52.00,15.00,6.00,11.00,6.00
2023-04-22,303.00,73.00,56.00,38.00,58.00,21.00,12.00,13.00,3.00
2023-04-23,332.00,85.00,60.00,44.00,52.00,21.00,6.00,9.00,9.00
2023-04-24,278.00,92.00,58.00,37.00,67.00,19.00,7.00,12.00,14.00
2023-04-25,292.00,71.00,73.00,43.00,63.00,15.00,13.00,8.00,5.00
2023-04-26,301.00,70.00,61.00,42.00,54.00,24.00,8.00,13.00,9.00
2023-04-27,269.00,71.00,75.00,41.00,46.00,20.00,18.00,7.00,10.00
2023-04-28,314.00,71.00,57.00,53.00,37.00,19.00,17.00,10.00,5.00
2023-04-29,380.00,80.00,59.00,38.00,43.00,17.00,18.00,10.00,11.00
2023-04-30,332.00,91.00,60.00,35.00,65.00,14.00,12.00,18.00,6.00
2023-05-01,356.00,107.00,78.00,56.00,48.00,17.00,11.00,14.00,7.00
2023-05-02,281.00,58.00,77.00,52.00,43.00,27.00,13.00,5.00,6.00
2023-05-03,303.00,80.00,83.00,39.00,44.00,16.00,21.00,20.00,12.00
2023-05-04,246.00,72.00,63.00,45.00,55.00,18.00,18.00,12.00,4.00
2023-05-05,251.00,80.00,49.00,48.00,53.00,7.00,13.00,14.00,2.00
2023-05-06,284.00,68.00,77.00,43.00,45.00,19.00,11.00,13.00,8.00
2023-05-07,250.00,94.00,68.00,49.00,51.00,19.00,17.00,12.00,8.00
2023-05-08,354.00,60.00,72.00,52.00,44.00,14.00,8.00,11.00,3.00
2023-05-09,318.00,92.00,78.00,67.00,63.00,27.00,13.00,16.00,11.00
2023-05-10,263.00,75.00,65.00,54.00,48.00,16.00,11.00,21.00,11.00
2023-05-11,251.00,102.00,57.00,55.00,62.00,18.00,13.00,11.00,9.00
2023-05-12,260.00,69.00,58.00,43.00,43.00,17.00,11.00,5.00,2.00
2023-05-13,221.00,74.00,55.00,48.00,45.00,11.00,15.00,15.00,7.00
2023-05-14,308.00,86.00,64.00,63.00,37.00,22.00,8.00,7.00,11.00
2023-05-15,290.00,70.00,56.00,70.00,48.00,14.00,14.00,24.00,8.00
2023-05-16,300.00,77.00,66.00,70.00,53.00,22.00,12.00,23.00,10.00
2023-05-17,293.00,67.00,65.00,58.00,35.00,16.00,14.00,16.00,6.00
2023-05-18,252.00,75.00,34.00,60.00,38.00,12.00,7.00,12.00,6.00
2023-05-19,280.00,81.00,54.00,45.00,37.00,19.00,11.00,11.00,4.00
2023-05-20,307.00,62.00,47.00,63.00,36.00,17.00,14.00,12.00,12.00
2023-05-21,328.00,79.00,59.00,69.00,49.00,21.00,15.00,21.00,7.00
2023-05-22,313.00,68.00,74.00,73.00,68.00,23.00,15.00,9.00,7.00
2023-05-23,305.00,84.00,65.00,84.00,47.00,13.00,14.00,32.00,5.00
2023-05-24,281.00,87.00,56.00,91.00,69.00,10.00,16.00,36.00,5.00
2023-05-25,249.00,56.00,63.00,95.00,55.00,17.00,14.00,21.00,7.00
2023-05-26,250.00,61.00,49.00,55.00,66.00,15.00,12.00,19.00,9.00
2023-05-27,293.00,49.00,54.00,62.00,40.00,11.00,9.00,20.00,6.00
2023-05-28,289.00,79.00,53.00,63.00,61.00,17.00,12.00,17.00,4.00
2023-05-29,308.00,88.00,82.00,71.00,74.00,21.00,13.00,20.00,15.00
2023-05-30,276.00,84.00,52.00,67.00,54.00,26.00,15.00,16.00,11.00
2023-05-31,304.00,98.00,70.00,90.00,72.00,15.00,16.00,24.00,6.00
2023-06-01,272.00,71.00,70.00,57.00,53.00,16.00,14.00,21.00,12.00
2023-06-02,273.00,61.00,46.00,50.00,51.00,16.00,10.00,10.00,8.00
2023-06-03,267.00,72.00,75.00,56.00,42.00,20.00,14.00,20.00,11.00
2023-06-04,277.00,93.00,81.00,46.00,76.00,17.00,15.00,13.00,10.00
2023-06-05,286.00,92.00,88.00,72.00,71.00,22.00,8.00,11.00,7.00
2023-06-06,326.00,83.00,75.00,69.00,67.00,27.00,6.00,28.00,11.00
2023-06-07,648.00,159.00,79.00,57.00,144.00,14.00,15.00,20.00,6.00
2023-06-08,481.00,175.00,61.00,51.00,123.00,14.00,7.00,26.00,13.00
2023-06-09,397.00,119.00,50.00,41.00,118.00,20.00,6.00,23.00,10.00
2023-06-10,615.00,173.00,84.00,55.00,160.00,16.00,3.00,18.00,13.00
2023-06-11,642.00,200.00,74.00,53.00,204.00,27.00,3.00,29.00,18.00
2023-06-12,547.00,204.00,71.00,63.00,195.00,18.00,7.00,26.00,11.00
2023-06-13,651.00,207.00,90.00,69.00,203.00,18.00,8.00,22.00,16.00
2023-06-14,575.00,211.00,67.00,17.00,211.00,16.00,10.00,28.00,15.00
2023-06-15,587.00,179.00,59.00,57.00,153.00,18.00,12.00,27.00,9.00
2023-06-16,473.00,170.00,60.00,48.00,138.00,18.00,9.00,15.00,12.00
2023-06-17,506.00,160.00,56.00,56.00,157.00,17.00,8.00,13.00,13.00
2023-06-18,583.00,176.00,69.00,55.00,189.00,30.00,14.00,14.00,19.00
2023-06-19,389.00,170.00,54.00,50.00,140.00,23.00,14.00,19.00,19.00
2023-06-20,502.00,178.00,59.00,44.00,145.00,8.00,7.00,15.00,8.00
2023-06-21,613.00,187.00,57.00,53.00,180.00,21.00,13.00,19.00,14.00
2023-06-22,523.00,167.00,41.00,39.00,144.00,72.00,11.00,15.00,10.00
2023-06-23,580.00,156.00,48.00,63.00,153.00,61.00,10.00,9.00,8.00
2023-06-24,570.00,143.00,60.00,50.00,154.00,67.00,4.00,15.00,9.00
2023-06-25,718.00,187.00,52.00,49.00,206.00,66.00,5.00,23.00,10.00
2023-06-26,544.00,168.00,39.00,49.00,177.00,43.00,8.00,9.00,7.00
2023-06-27,542.00,151.00,41.00,47.00,163.00,58.00,8.00,14.00,19.00
2023-06-28,587.00,150.00,281.00,39.00,158.00,62.00,11.00,12.00,12.00
2023-06-29,599.00,187.00,164.00,51.00,148.00,58.00,10.00,10.00,20.00
2023-06-30,606.00,164.00,161.00,39.00,129.00,49.00,10.00,14.00,7.00
2023-07-01,658.00,179.00,159.00,55.00,151.00,52.00,4.00,28.00,9.00
2023-07-02,706.00,219.00,164.00,52.00,157.00,55.00,9.00,16.00,14.00
2023-07-03,730.00,195.00,143.00,41.00,158.00,42.00,52.00,38.00,17.00
2023-07-04,654.00,158.00,157.00,72.00,135.00,57.00,34.00,37.00,17.00
2023-07-05,577.00,184.00,149.00,48.00,146.00,65.00,27.00,26.00,19.00
2023-07-06,540.00,181.00,125.00,174.00,125.00,51.00,40.00,22.00,12.00
2023-07-07,662.00,217.00,101.00,127.00,105.00,48.00,51.00,42.00,18.00
2023-07-08,670.00,189.00,103.00,157.00,168.00,59.00,30.00,34.00,13.00
2023-07-09,872.00,281.00,125.00,117.00,195.00,59.00,46.00,45.00,10.00
2023-07-10,601.00,176.00,101.00,129.00,142.00,45.00,39.00,24.00,14.00
2023-07-11,585.00,210.00,108.00,154.00,130.00,58.00,52.00,41.00,14.00
2023-07-12,651.00,208.00,140.00,125.00,175.00,76.00,50.00,40.00,19.00
2023-07-13,815.00,253.00,134.00,139.00,172.00,65.00,63.00,44.00,16.00
2023-07-14,1035.00,269.00,172.00,179.00,222.00,86.00,78.00,49.00,21.00
2023-07-15,852.00,252.00,135.00,121.00,180.00,57.00,58.00,32.00,15.00
2023-07-16,1017.00,246.00,170.00,126.00,210.00,48.00,52.00,42.00,12.00
2023-07-17,961.00,280.00,189.00,180.00,179.00,65.00,53.00,30.00,6.00
2023-07-18,1113.00,252.00,199.00,173.00,175.00,60.00,69.00,43.00,24.00
2023-07-19,1119.00,318.00,304.00,294.00,207.00,82.00,62.00,38.00,21.00
2023-07-20,1187.00,278.00,409.00,279.00,236.00,70.00,78.00,45.00,31.00
2023-07-21,1213.00,209.00,339.00,216.00,179.00,62.00,54.00,30.00,15.00
2023-07-22,1602.00,274.00,240.00,267.00,161.00,39.00,46.00,28.00,12.00
2023-07-23,1325.00,273.00,196.00,261.00,192.00,53.00,45.00,39.00,8.00
2023-07-24,956.00,200.00,169.00,149.00,175.00,55.00,56.00,32.00,14.00
2023-07-25,2034.00,287.00,428.00,169.00,233.00,67.00,78.00,28.00,18.00
2023-07-26,2222.00,299.00,428.00,214.00,233.00,158.00,92.00,29.00,18.00
2023-07-27,1868.00,342.00,554.00,310.00,421.00,165.00,163.00,19.00,33.00
2023-07-28,1375.00,224.00,262.00,161.00,280.00,92.00,97.00,19.00,22.00
2023-07-29,1442.00,258.00,269.00,244.00,206.00,82.00,95.00,36.00,28.00
2023-07-30,1382.00,276.00,229.00,195.00,173.00,69.00,75.00,25.00,23.00
2023-07-31,1013.00,235.00,262.00,156.00,148.00,64.00,74.00,32.00,19.00
2023-08-01,1178.00,294.00,318.00,214.00,180.00,79.00,68.00,14.00,29.00
2023-08-02,1287.00,227.00,47.00,148.00,138.00,76.00,88.00,15.00,15.00
2023-08-03,1036.00,297.00,49.00,135.00,167.00,71.00,78.00,14.00,19.00
2023-08-04,1133.00,301.00,62.00,198.00,181.00,75.00,68.00,11.00,18.00
2023-08-05,1029.00,261.00,59.00,169.00,160.00,42.00,40.00,15.00,13.00
2023-08-06,1124.00,408.00,46.00,212.00,221.00,84.00,61.00,12.00,20.00
2023-08-07,948.00,192.00,52.00,154.00,140.00,58.00,67.00,12.00,8.00
2023-08-08,687.00,111.00,44.00,57.00,57.00,22.00,28.00,13.00,5.00
2023-08-09,604.00,139.00,32.00,78.00,85.00,37.00,45.00,15.00,10.00
2023-08-10,612.00,124.00,47.00,89.00,76.00,34.00,35.00,15.00,16.00
2023-08-11,516.00,94.00,39.00,65.00,62.00,25.00,15.00,8.00,6.00
2023-08-12,532.00,96.00,36.00,59.00,57.00,24.00,21.00,13.00,3.00
2023-08-13,576.00,137.00,34.00,45.00,73.00,21.00,17.00,14.00,9.00
2023-08-14,520.00,92.00,33.00,42.00,57.00,18.00,21.00,7.00,4.00
2023-08-15,583.00,134.00,36.00,44.00,73.00,15.00,26.00,11.00,7.00
2023-08-16,828.00,144.00,53.00,87.00,102.00,16.00,35.00,12.00,11.00
2023-08-17,1102.00,268.00,71.00,200.00,275.00,52.00,62.00,15.00,25.00
2023-08-18,917.00,187.00,42.00,101.00,162.00,36.00,30.00,9.00,19.00
2023-08-19,632.00,134.00,40.00,62.00,110.00,30.00,15.00,6.00,16.00
2023-08-20,547.00,121.00,47.00,59.00,77.00,18.00,19.00,17.00,9.00
2023-08-21,618.00,157.00,38.00,89.00,92.00,28.00,43.00,6.00,13.00
2023-08-22,764.00,154.00,38.00,90.00,95.00,39.00,45.00,8.00,8.00
2023-08-23,1178.00,181.00,37.00,194.00,155.00,53.00,92.00,9.00,21.00
2023-08-24,917.00,165.00,39.00,130.00,100.00,45.00,58.00,9.00,15.00
2023-08-25,958.00,200.00,45.00,120.00,118.00,31.00,49.00,14.00,13.00
2023-08-26,1140.00,188.00,50.00,162.00,121.00,41.00,56.00,8.00,17.00
2023-08-27,901.00,169.00,47.00,143.00,101.00,36.00,49.00,9.00,17.00
2023-08-28,1073.00,135.00,55.00,176.00,115.00,41.00,77.00,8.00,23.00
2023-08-29,434.00,87.00,76.00,45.00,62.00,15.00,19.00,16.00,11.00
2023-08-30,345.00,96.00,57.00,41.00,60.00,24.00,18.00,18.00,14.00
2023-08-31,368.00,87.00,74.00,46.00,46.00,13.00,24.00,10.00,7.00
2023-09-01,319.00,99.00,34.00,47.00,53.00,18.00,34.00,13.00,8.00
2023-09-02,376.00,97.00,60.00,47.00,44.00,19.00,20.00,15.00,3.00
2023-09-03,428.00,111.00,60.00,41.00,45.00,27.00,28.00,10.00,7.00
2023-09-04,434.00,96.00,64.00,59.00,48.00,31.00,39.00,7.00,7.00
2023-09-05,361.00,84.00,70.00,61.00,59.00,26.00,35.00,11.00,9.00
2023-09-06,375.00,113.00,81.00,51.00,46.00,26.00,31.00,13.00,12.00
2023-09-07,265.00,88.00,42.00,51.00,43.00,12.00,23.00,7.00,6.00
2023-09-08,217.00,73.00,38.00,34.00,23.00,19.00,19.00,7.00,6.00
2023-09-09,187.00,70.00,46.00,35.00,30.00,18.00,7.00,10.00,10.00
2023-09-10,256.00,83.00,51.00,27.00,30.00,19.00,22.00,14.00,5.00
2023-09-11,240.00,82.00,50.00,47.00,30.00,22.00,22.00,16.00,9.00
2023-09-12,394.00,111.00,78.00,67.00,63.00,37.00,22.00,23.00,16.00
2023-09-13,278.00,102.00,57.00,55.00,51.00,14.00,13.00,17.00,5.00
2023-09-14,256.00,94.00,50.00,57.00,49.00,14.00,9.00,18.00,12.00
2023-09-15,288.00,80.00,49.00,36.00,43.00,15.00,11.00,11.00,6.00
2023-09-16,285.00,86.00,56.00,38.00,53.00,13.00,17.00,11.00,5.00
2023-09-17,408.00,101.00,61.00,58.00,61.00,26.00,23.00,12.00,8.00
2023-09-18,318.00,90.00,53.00,54.00,68.00,28.00,17.00,17.00,6.00
2023-09-19,338.00,111.00,60.00,41.00,62.00,19.00,13.00,16.00,8.00
2023-09-20,357.00,102.00,59.00,40.00,67.00,15.00,20.00,8.00,13.00
2023-09-21,351.00,103.00,75.00,51.00,77.00,29.00,14.00,26.00,12.00
2023-09-22,315.00,102.00,70.00,46.00,65.00,20.00,22.00,11.00,10.00
2023-09-23,365.00,133.00,78.00,46.00,71.00,19.00,9.00,24.00,7.00
2023-09-24,422.00,136.00,70.00,45.00,83.00,15.00,18.00,12.00,12.00
2023-09-25,375.00,116.00,100.00,56.00,91.00,32.00,23.00,16.00,16.00
2023-09-26,323.00,117.00,51.00,50.00,89.00,21.00,12.00,18.00,8.00
2023-09-27,356.00,133.00,57.00,48.00,65.00,14.00,17.00,10.00,9.00
2023-09-28,357.00,97.00,83.00,53.00,74.00,33.00,22.00,17.00,15.00
2023-09-29,386.00,87.00,53.00,44.00,58.00,22.00,17.00,10.00,8.00
2023-09-30,427.00,119.00,65.00,53.00,60.00,23.00,20.00,13.00,7.00
2023-10-01,495.00,141.00,63.00,64.00,75.00,15.00,20.00,17.00,12.00
2023-10-02,454.00,109.00,65.00,88.00,67.00,25.00,17.00,31.00,14.00
2023-10-03,370.00,166.00,71.00,76.00,81.00,31.00,23.00,34.00,8.00
2023-10-04,397.00,148.00,68.00,108.00,78.00,34.00,15.00,40.00,17.00
2023-10-05,385.00,162.00,94.00,73.00,69.00,31.00,18.00,33.00,19.00
2023-10-06,359.00,132.00,61.00,83.00,65.00,31.00,18.00,30.00,13.00
2023-10-07,365.00,197.00,74.00,81.00,68.00,16.00,16.00,28.00,13.00
2023-10-08,419.00,219.00,91.00,86.00,62.00,21.00,14.00,33.00,15.00
2023-10-09,327.00,150.00,87.00,114.00,62.00,16.00,12.00,40.00,17.00
2023-10-10,352.00,165.00,79.00,137.00,64.00,38.00,20.00,40.00,21.00
2023-10-11,398.00,175.00,96.00,52.00,104.00,29.00,22.00,21.00,22.00
2023-10-12,593.00,313.00,141.00,114.00,137.00,49.00,45.00,37.00,25.00
2023-10-13,585.00,287.00,129.00,94.00,134.00,32.00,38.00,33.00,20.00
2023-10-14,743.00,368.00,185.00,144.00,202.00,37.00,39.00,40.00,26.00
2023-10-15,854.00,470.00,175.00,150.00,243.00,71.00,59.00,73.00,47.00
2023-10-16,774.00,446.00,169.00,177.00,234.00,43.00,59.00,43.00,39.00
2023-10-17,758.00,435.00,188.00,148.00,207.00,49.00,85.00,50.00,42.00
2023-10-18,841.00,466.00,188.00,221.00,259.00,51.00,107.00,56.00,43.00
2023-10-19,409.00,174.00,77.00,71.00,79.00,30.00,44.00,13.00,13.00
2023-10-20,511.00,214.00,113.00,98.00,91.00,35.00,25.00,24.00,20.00
2023-10-21,627.00,230.00,148.00,116.00,129.00,41.00,34.00,26.00,26.00
2023-10-22,611.00,287.00,131.00,114.00,135.00,45.00,42.00,38.00,23.00
2023-10-23,499.00,225.00,129.00,111.00,124.00,51.00,49.00,40.00,17.00
2023-10-24,521.00,219.00,132.00,97.00,135.00,46.00,55.00,29.00,29.00
2023-10-25,529.00,221.00,121.00,107.00,173.00,44.00,47.00,44.00,23.00
2023-10-26,525.00,248.00,146.00,95.00,140.00,52.00,45.00,33.00,20.00
2023-10-27,614.00,241.00,124.00,83.00,117.00,39.00,47.00,22.00,23.00
2023-10-28,661.00,264.00,182.00,89.00,126.00,49.00,52.00,35.00,23.00
2023-10-29,840.00,348.00,199.00,111.00,182.00,49.00,62.00,46.00,33.00
2023-10-30,738.00,264.00,240.00,121.00,155.00,56.00,61.00,45.00,30.00
2023-10-31,867.00,345.00,273.00,152.00,174.00,62.00,86.00,56.00,38.00
2023-11-01,504.00,194.00,117.00,99.00,74.00,38.00,23.00,26.00,22.00
2023-11-02,500.00,171.00,111.00,82.00,79.00,28.00,38.00,19.00,17.00
2023-11-03,419.00,138.00,93.00,76.00,61.00,41.00,27.00,17.00,30.00
2023-11-04,525.00,174.00,131.00,63.00,62.00,32.00,29.00,25.00,21.00
2023-11-05,512.00,217.00,132.00,87.00,68.00,30.00,33.00,39.00,25.00
2023-11-06,415.00,151.00,105.00,90.00,58.00,25.00,33.00,28.00,17.00
2023-11-07,410.00,126.00,91.00,80.00,63.00,34.00,36.00,29.00,20.00
2023-11-08,405.00,144.00,90.00,62.00,63.00,32.00,20.00,21.00,10.00
2023-11-09,375.00,154.00,94.00,69.00,63.00,39.00,22.00,24.00,16.00
2023-11-10,410.00,112.00,101.00,63.00,57.00,24.00,25.00,24.00,23.00
2023-11-11,429.00,160.00,116.00,93.00,49.00,35.00,16.00,23.00,23.00
2023-11-12,497.00,201.00,139.00,99.00,72.00,40.00,29.00,32.00,24.00
2023-11-13,422.00,154.00,98.00,101.00,56.00,21.00,34.00,23.00,24.00
2023-11-14,381.00,167.00,104.00,91.00,55.00,39.00,21.00,20.00,27.00
2023-11-15,412.00,160.00,98.00,75.00,58.00,35.00,29.00,24.00,24.00
2023-11-16,366.00,130.00,63.00,78.00,39.00,18.00,28.00,21.00,16.00
2023-11-17,3183.00,1178.00,796.00,701.00,415.00,174.00,176.00,126.00,95.00
2023-11-18,2680.00,1116.00,845.00,660.00,489.00,223.00,196.00,131.00,122.00
2023-11-19,2520.00,1151.00,801.00,672.00,390.00,253.00,179.00,106.00,128.00
2023-11-20,2317.00,1041.00,739.00,660.00,419.00,269.00,187.00,130.00,115.00
2023-11-21,2134.00,1049.00,623.00,599.00,409.00,273.00,195.00,104.00,89.00
2023-11-22,2285.00,1273.00,776.00,735.00,521.00,325.00,206.00,156.00,136.00
2023-11-23,2404.00,1192.00,720.00,712.00,467.00,304.00,245.00,125.00,124.00
2023-11-24,4741.00,2571.00,1306.00,1082.00,1190.00,601.00,530.00,255.00,309.00
2023-11-25,4468.00,2849.00,1301.00,1238.00,1043.00,521.00,379.00,254.00,354.00
2023-11-26,5157.00,3285.00,1609.00,1642.00,1226.00,558.00,522.00,290.00,446.00
2023-11-27,4627.00,2637.00,1177.00,1054.00,875.00,447.00,421.00,205.00,270.00
2023-11-28,3089.00,2157.00,760.00,675.00,541.00,261.00,229.00,173.00,182.00
2023-11-29,613.00,389.00,155.00,95.00,80.00,55.00,54.00,35.00,37.00
2023-11-30,617.00,317.00,155.00,91.00,76.00,37.00,40.00,32.00,41.00
2023-12-01,587.00,352.00,181.00,125.00,76.00,37.00,31.00,15.00,44.00
2023-12-02,697.00,472.00,210.00,128.00,58.00,48.00,38.00,36.00,89.00
2023-12-03,893.00,529.00,245.00,141.00,87.00,55.00,49.00,41.00,111.00
2023-12-04,894.00,541.00,257.00,165.00,82.00,65.00,62.00,46.00,88.00
2023-12-05,801.00,471.00,254.00,168.00,89.00,63.00,63.00,42.00,75.00
2023-12-06,782.00,473.00,255.00,166.00,92.00,55.00,64.00,51.00,90.00
2023-12-07,842.00,404.00,263.00,148.00,71.00,56.00,58.00,36.00,76.00
2023-12-08,752.00,399.00,238.00,173.00,89.00,79.00,37.00,33.00,85.00
2023-12-09,900.00,391.00,316.00,179.00,64.00,57.00,51.00,35.00,83.00
2023-12-10,1081.00,409.00,313.00,219.00,84.00,59.00,69.00,33.00,86.00
2023-12-11,944.00,353.00,313.00,230.00,77.00,82.00,80.00,27.00,99.00
2023-12-12,909.00,407.00,346.00,213.00,64.00,73.00,100.00,57.00,70.00
2023-12-13,1398.00,344.00,335.00,231.00,81.00,70.00,83.00,49.00,76.00
2023-12-14,1384.00,491.00,337.00,250.00,135.00,74.00,81.00,43.00,88.00
2023-12-15,1460.00,391.00,279.00,233.00,88.00,78.00,56.00,32.00,70.00
2023-12-16,1390.00,385.00,280.00,233.00,86.00,83.00,52.00,29.00,75.00
2023-12-17,1089.00,269.00,238.00,222.00,86.00,81.00,44.00,30.00,43.00
2023-12-18,899.00,242.00,207.00,194.00,82.00,72.00,56.00,26.00,35.00
2023-12-19,979.00,227.00,187.00,193.00,80.00,83.00,34.00,27.00,44.00
2023-12-20,855.00,237.00,163.00,175.00,85.00,74.00,45.00,27.00,31.00
2023-12-21,806.00,256.00,133.00,135.00,101.00,48.00,25.00,20.00,38.00
2023-12-22,816.00,203.00,119.00,96.00,80.00,53.00,32.00,15.00,22.00
2023-12-23,687.00,204.00,111.00,90.00,73.00,49.00,16.00,16.00,21.00
2023-12-24,599.00,171.00,98.00,102.00,81.00,33.00,16.00,10.00,22.00
2023-12-25,881.00,162.00,130.00,75.00,68.00,55.00,16.00,17.00,27.00
2023-12-26,1533.00,220.00,111.00,68.00,52.00,84.00,17.00,19.00,16.00
2023-12-27,1249.00,241.00,126.00,87.00,84.00,79.00,30.00,17.00,22.00
2023-12-28,1411.00,488.00,103.00,67.00,231.00,66.00,32.00,13.00,50.00
2023-12-29,1429.00,510.00,102.00,78.00,232.00,79.00,28.00,14.00,42.00
2023-12-30,1545.00,573.00,102.00,66.00,248.00,52.00,29.00,13.00,40.00
2023-12-31,1173.00,374.00,66.00,53.00,188.00,41.00,26.00,13.00,36.00
2024-01-01,1101.00,406.00,67.00,50.00,153.00,38.00,15.00,3.00,41.00
2024-01-02,1165.00,464.00,103.00,92.00,254.00,72.00,31.00,19.00,57.00
2024-01-03,1057.00,444.00,102.00,68.00,222.00,47.00,29.00,23.00,43.00
2024-01-04,1142.00,484.00,89.00,58.00,305.00,22.00,27.00,24.00,50.00
2024-01-05,1145.00,397.00,99.00,484.00,262.00,110.00,103.00,94.00,40.00
2024-01-06,1348.00,431.00,87.00,452.00,236.00,232.00,86.00,90.00,38.00
2024-01-07,1369.00,459.00,104.00,435.00,270.00,206.00,99.00,114.00,50.00
2024-01-08,1031.00,435.00,302.00,334.00,210.00,185.00,112.00,79.00,40.00
2024-01-09,1070.00,534.00,296.00,333.00,227.00,177.00,103.00,78.00,59.00
2024-01-10,1005.00,466.00,918.00,348.00,240.00,177.00,81.00,74.00,49.00
2024-01-11,956.00,491.00,884.00,279.00,212.00,160.00,90.00,57.00,43.00
2024-01-12,1166.00,525.00,535.00,357.00,284.00,160.00,83.00,72.00,63.00
2024-01-13,1257.00,521.00,636.00,334.00,251.00,151.00,76.00,81.00,57.00
2024-01-14,1335.00,535.00,562.00,377.00,255.00,153.00,81.00,86.00,45.00
2024-01-15,1189.00,587.00,416.00,314.00,262.00,147.00,100.00,78.00,59.00
2024-01-16,1156.00,589.00,320.00,321.00,255.00,117.00,95.00,77.00,50.00
2024-01-17,992.00,556.00,363.00,271.00,221.00,128.00,82.00,101.00,28.00
2024-01-18,936.00,550.00,282.00,230.00,185.00,91.00,51.00,63.00,34.00
2024-01-19,915.00,444.00,271.00,206.00,182.00,76.00,65.00,62.00,26.00
2024-01-20,1137.00,573.00,374.00,284.00,249.00,95.00,64.00,85.00,52.00
2024-01-21,1125.00,537.00,312.00,283.00,228.00,104.00,60.00,83.00,36.00
2024-01-22,760.00,355.00,214.00,206.00,145.00,84.00,66.00,66.00,32.00
2024-01-23,858.00,347.00,209.00,241.00,206.00,82.00,73.00,76.00,44.00
2024-01-24,694.00,291.00,191.00,185.00,218.00,82.00,61.00,51.00,39.00
2024-01-25,912.00,314.00,205.00,208.00,191.00,79.00,54.00,62.00,32.00
2024-01-26,981.00,307.00,193.00,202.00,197.00,72.00,48.00,60.00,28.00
2024-01-27,974.00,347.00,195.00,161.00,214.00,63.00,36.00,10.00,25.00
2024-01-28,1029.00,385.00,226.00,201.00,225.00,65.00,40.00,7.00,29.00
2024-01-29,865.00,287.00,208.00,177.00,190.00,62.00,36.00,17.00,29.00
2024-01-30,1038.00,391.00,229.00,229.00,207.00,78.00,64.00,14.00,43.00
2024-01-31,1171.00,428.00,367.00,263.00,252.00,101.00,72.00,19.00,34.00
2024-02-01,1228.00,417.00,350.00,280.00,297.00,102.00,81.00,24.00,39.00
2024-02-02,962.00,283.00,342.00,195.00,199.00,80.00,50.00,11.00,27.00
2024-02-03,1079.00,322.00,355.00,206.00,216.00,97.00,49.00,19.00,26.00
2024-02-04,1108.00,342.00,467.00,213.00,207.00,63.00,49.00,27.00,30.00
2024-02-05,873.00,243.00,371.00,160.00,168.00,90.00,66.00,23.00,24.00
2024-02-06,950.00,247.00,391.00,156.00,188.00,67.00,38.00,23.00,26.00
2024-02-07,940.00,193.00,157.00,129.00,161.00,55.00,43.00,23.00,27.00
2024-02-08,1227.00,320.00,114.00,188.00,197.00,89.00,70.00,15.00,40.00
2024-02-09,1018.00,270.00,87.00,174.00,176.00,73.00,63.00,14.00,30.00
2024-02-10,1299.00,376.00,98.00,187.00,179.00,105.00,56.00,19.00,27.00
2024-02-11,1167.00,283.00,112.00,174.00,158.00,89.00,54.00,22.00,24.00
2024-02-12,919.00,194.00,95.00,177.00,143.00,106.00,54.00,15.00,17.00
2024-02-13,904.00,250.00,77.00,155.00,149.00,64.00,46.00,14.00,14.00
2024-02-14,836.00,232.00,67.00,127.00,130.00,70.00,35.00,15.00,19.00
2024-02-15,888.00,232.00,82.00,155.00,136.00,57.00,67.00,8.00,26.00
2024-02-16,799.00,192.00,65.00,120.00,129.00,46.00,37.00,14.00,14.00
2024-02-17,752.00,207.00,65.00,99.00,117.00,44.00,29.00,12.00,17.00
2024-02-18,850.00,218.00,81.00,132.00,133.00,47.00,29.00,20.00,23.00
2024-02-19,704.00,168.00,59.00,121.00,105.00,47.00,37.00,17.00,12.00
2024-02-20,974.00,279.00,55.00,178.00,216.00,77.00,43.00,16.00,32.00
2024-02-21,880.00,261.00,67.00,119.00,175.00,40.00,35.00,12.00,15.00
2024-02-22,881.00,256.00,65.00,120.00,171.00,52.00,33.00,15.00,25.00
2024-02-23,823.00,198.00,68.00,100.00,163.00,42.00,37.00,9.00,15.00
2024-02-24,850.00,212.00,58.00,124.00,183.00,51.00,37.00,18.00,23.00
2024-02-25,885.00,235.00,72.00,104.00,167.00,66.00,53.00,17.00,25.00
2024-02-26,758.00,180.00,64.00,124.00,155.00,58.00,43.00,18.00,16.00
2024-02-27,793.00,185.00,85.00,124.00,147.00,72.00,46.00,9.00,25.00
2024-02-28,1052.00,287.00,85.00,175.00,181.00,71.00,76.00,19.00,22.00
2024-02-29,473.00,127.00,75.00,62.00,63.00,38.00,30.00,9.00,10.00
2024-03-01,384.00,95.00,78.00,59.00,55.00,26.00,23.00,15.00,10.00
2024-03-02,440.00,114.00,76.00,72.00,43.00,28.00,19.00,13.00,3.00
2024-03-03,447.00,108.00,76.00,64.00,63.00,30.00,12.00,9.00,18.00
2024-03-04,284.00,85.00,67.00,51.00,45.00,18.00,16.00,19.00,7.00
2024-03-05,254.00,79.00,77.00,62.00,40.00,23.00,18.00,16.00,3.00
2024-03-06,220.00,79.00,81.00,44.00,47.00,27.00,12.00,21.00,11.00
2024-03-07,244.00,101.00,84.00,60.00,52.00,19.00,17.00,10.00,8.00
2024-03-08,206.00,93.00,59.00,47.00,36.00,21.00,23.00,14.00,7.00
2024-03-09,265.00,89.00,73.00,56.00,40.00,20.00,13.00,11.00,5.00
2024-03-10,240.00,105.00,93.00,76.00,49.00,29.00,27.00,14.00,12.00
2024-03-11,241.00,92.00,92.00,63.00,47.00,23.00,29.00,8.00,8.00
2024-03-12,253.00,87.00,74.00,59.00,47.00,22.00,21.00,13.00,4.00
2024-03-13,274.00,96.00,60.00,59.00,72.00,28.00,32.00,23.00,15.00
2024-03-14,252.00,90.00,60.00,54.00,53.00,21.00,27.00,19.00,8.00
2024-03-15,248.00,82.00,57.00,62.00,40.00,24.00,16.00,16.00,6.00
2024-03-16,254.00,98.00,64.00,43.00,39.00,16.00,18.00,15.00,6.00
2024-03-17,347.00,113.00,78.00,63.00,53.00,25.00,13.00,21.00,7.00
2024-03-18,273.00,66.00,65.00,57.00,42.00,19.00,30.00,17.00,10.00
2024-03-19,247.00,74.00,56.00,66.00,52.00,17.00,24.00,16.00,8.00
2024-03-20,237.00,73.00,68.00,60.00,42.00,26.00,13.00,17.00,6.00
2024-03-21,233.00,74.00,55.00,48.00,57.00,18.00,19.00,8.00,8.00
2024-03-22,272.00,83.00,37.00,53.00,42.00,12.00,19.00,12.00,2.00
2024-03-23,266.00,92.00,76.00,45.00,51.00,11.00,20.00,13.00,5.00
2024-03-24,317.00,96.00,71.00,68.00,62.00,14.00,7.00,18.00,6.00
2024-03-25,254.00,72.00,56.00,59.00,60.00,19.00,18.00,8.00,10.00
2024-03-26,279.00,83.00,42.00,54.00,47.00,11.00,12.00,17.00,8.00
2024-03-27,251.00,80.00,70.00,51.00,64.00,23.00,24.00,14.00,3.00
2024-03-28,289.00,88.00,77.00,35.00,55.00,27.00,16.00,12.00,10.00
2024-03-29,331.00,109.00,57.00,44.00,55.00,16.00,14.00,23.00,8.00
2024-03-30,254.00,83.00,88.00,36.00,50.00,18.00,18.00,13.00,4.00
2024-03-31,238.00,60.00,67.00,29.00,45.00,19.00,22.00,9.00,9.00
2024-04-01,327.00,97.00,75.00,31.00,51.00,22.00,12.00,14.00,6.00
2024-04-02,304.00,89.00,68.00,55.00,51.00,21.00,16.00,21.00,3.00
2024-04-03,263.00,85.00,66.00,43.00,61.00,18.00,11.00,20.00,7.00
2024-04-04,255.00,97.00,78.00,56.00,56.00,17.00,20.00,10.00,6.00
2024-04-05,238.00,78.00,82.00,41.00,47.00,21.00,9.00,14.00,9.00
2024-04-06,246.00,76.00,47.00,51.00,50.00,11.00,8.00,14.00,1.00
2024-04-07,306.00,78.00,54.00,54.00,62.00,14.00,11.00,10.00,8.00
2024-04-08,246.00,69.00,68.00,48.00,52.00,19.00,20.00,7.00,4.00
2024-04-09,278.00,102.00,46.00,49.00,40.00,17.00,18.00,9.00,5.00
2024-04-10,273.00,68.00,70.00,39.00,34.00,21.00,13.00,8.00,6.00
2024-04-11,249.00,87.00,42.00,26.00,36.00,20.00,16.00,9.00,9.00
2024-04-12,250.00,79.00,45.00,29.00,44.00,15.00,12.00,6.00,7.00
2024-04-13,272.00,69.00,55.00,52.00,44.00,10.00,8.00,8.00,3.00
2024-04-14,300.00,107.00,64.00,41.00,54.00,13.00,14.00,12.00,6.00
2024-04-15,257.00,83.00,60.00,52.00,50.00,15.00,21.00,12.00,7.00
2024-04-16,284.00,82.00,58.00,43.00,41.00,17.00,12.00,8.00,9.00
2024-04-17,264.00,78.00,51.00,41.00,48.00,13.00,14.00,5.00,8.00
2024-04-18,253.00,77.00,58.00,36.00,40.00,12.00,12.00,9.00,8.00
2024-04-19,284.00,90.00,46.00,39.00,46.00,10.00,14.00,5.00,11.00
2024-04-20,320.00,109.00,71.00,46.00,65.00,17.00,16.00,10.00,10.00
2024-04-21,368.00,150.00,76.00,45.00,58.00,29.00,13.00,16.00,12.00
2024-04-22,276.00,105.00,69.00,43.00,51.00,15.00,28.00,6.00,11.00
2024-04-23,338.00,110.00,63.00,46.00,75.00,18.00,26.00,11.00,12.00
2024-04-24,300.00,95.00,66.00,40.00,52.00,10.00,20.00,6.00,11.00
2024-04-25,337.00,90.00,66.00,30.00,58.00,11.00,12.00,4.00,4.00
2024-04-26,337.00,67.00,50.00,40.00,43.00,15.00,17.00,11.00,6.00
2024-04-27,366.00,101.00,79.00,53.00,51.00,25.00,10.00,8.00,6.00
2024-04-28,411.00,110.00,90.00,32.00,72.00,18.00,17.00,11.00,10.00
2024-04-29,309.00,76.00,66.00,29.00,54.00,17.00,22.00,13.00,10.00
2024-04-30,323.00,64.00,65.00,37.00,49.00,17.00,16.00,11.00,6.00
2024-05-01,258.00,71.00,86.00,47.00,46.00,12.00,16.00,6.00,5.00
2024-05-02,278.00,76.00,63.00,51.00,56.00,18.00,12.00,23.00,5.00
2024-05-03,300.00,71.00,72.00,41.00,44.00,15.00,13.00,15.00,7.00
2024-05-04,297.00,65.00,65.00,36.00,31.00,10.00,7.00,11.00,2.00
2024-05-05,329.00,106.00,90.00,48.00,45.00,19.00,12.00,14.00,8.00
2024-05-06,350.00,70.00,78.00,43.00,36.00,22.00,19.00,11.00,2.00
2024-05-07,255.00,80.00,60.00,27.00,43.00,17.00,13.00,17.00,6.00
2024-05-08,260.00,37.00,57.00,47.00,43.00,21.00,17.00,11.00,4.00
2024-05-09,286.00,96.00,68.00,47.00,37.00,17.00,15.00,4.00,4.00
2024-05-10,218.00,61.00,39.00,47.00,37.00,8.00,11.00,6.00,6.00
2024-05-11,286.00,80.00,78.00,60.00,32.00,20.00,7.00,7.00,0.00
2024-05-12,321.00,75.00,66.00,50.00,44.00,21.00,9.00,10.00,5.00
2024-05-13,334.00,104.00,94.00,73.00,36.00,27.00,12.00,15.00,7.00
2024-05-14,256.00,72.00,57.00,51.00,55.00,24.00,22.00,25.00,8.00
2024-05-15,243.00,74.00,53.00,51.00,49.00,14.00,9.00,8.00,9.00
2024-05-16,222.00,57.00,60.00,38.00,30.00,17.00,15.00,13.00,5.00
2024-05-17,240.00,67.00,57.00,79.00,47.00,14.00,23.00,20.00,6.00
2024-05-18,255.00,67.00,56.00,54.00,43.00,16.00,15.00,10.00,6.00
2024-05-19,306.00,71.00,52.00,59.00,42.00,21.00,21.00,12.00,7.00
2024-05-20,245.00,87.00,62.00,70.00,54.00,22.00,20.00,16.00,7.00
2024-05-21,252.00,82.00,65.00,73.00,54.00,22.00,16.00,8.00,6.00
2024-05-22,244.00,93.00,51.00,64.00,65.00,23.00,24.00,17.00,9.00
2024-05-23,258.00,88.00,59.00,68.00,71.00,22.00,15.00,11.00,10.00
2024-05-24,226.00,78.00,64.00,54.00,59.00,21.00,13.00,19.00,5.00
2024-05-25,222.00,70.00,56.00,61.00,85.00,17.00,16.00,17.00,3.00
2024-05-26,224.00,78.00,61.00,55.00,78.00,15.00,14.00,9.00,7.00
2024-05-27,326.00,61.00,83.00,80.00,62.00,27.00,16.00,32.00,3.00
2024-05-28,281.00,88.00,57.00,87.00,88.00,37.00,27.00,32.00,13.00
2024-05-29,215.00,67.00,49.00,41.00,61.00,21.00,17.00,8.00,5.00
2024-05-30,260.00,86.00,73.00,39.00,63.00,18.00,9.00,8.00,7.00
2024-05-31,268.00,68.00,59.00,46.00,45.00,17.00,13.00,10.00,14.00
2024-06-01,278.00,89.00,71.00,40.00,70.00,22.00,14.00,9.00,12.00
2024-06-02,306.00,77.00,65.00,46.00,54.00,24.00,14.00,16.00,8.00
2024-06-03,265.00,59.00,73.00,45.00,35.00,16.00,20.00,16.00,7.00
2024-06-04,109.00,55.00,53.00,44.00,15.00,15.00,13.00,10.00,8.00
2024-06-05,272.00,101.00,60.00,38.00,21.00,22.00,20.00,18.00,11.00
2024-06-06,215.00,79.00,55.00,44.00,28.00,16.00,9.00,12.00,5.00
2024-06-07,365.00,84.00,48.00,34.00,64.00,18.00,7.00,16.00,13.00
2024-06-08,371.00,77.00,60.00,36.00,58.00,18.00,11.00,5.00,6.00
2024-06-09,466.00,123.00,62.00,54.00,86.00,19.00,10.00,12.00,11.00
2024-06-10,394.00,72.00,67.00,48.00,55.00,15.00,15.00,10.00,6.00
2024-06-11,359.00,113.00,68.00,46.00,74.00,12.00,16.00,10.00,19.00
2024-06-12,317.00,80.00,53.00,56.00,73.00,19.00,14.00,18.00,5.00
2024-06-13,380.00,99.00,42.00,47.00,84.00,22.00,7.00,12.00,14.00
2024-06-14,304.00,72.00,47.00,45.00,67.00,7.00,12.00,8.00,4.00
2024-06-15,423.00,131.00,53.00,63.00,98.00,16.00,7.00,8.00,8.00
2024-06-16,433.00,160.00,59.00,67.00,91.00,15.00,15.00,23.00,16.00
2024-06-17,337.00,122.00,65.00,59.00,89.00,19.00,11.00,10.00,10.00
2024-06-18,420.00,143.00,47.00,84.00,113.00,23.00,9.00,10.00,16.00
2024-06-19,387.00,166.00,40.00,55.00,128.00,17.00,9.00,12.00,14.00
2024-06-20,441.00,173.00,51.00,55.00,139.00,18.00,8.00,12.00,10.00
2024-06-21,335.00,153.00,82.00,50.00,109.00,10.00,9.00,13.00,16.00
2024-06-22,455.00,186.00,78.00,55.00,110.00,10.00,13.00,9.00,23.00
2024-06-23,488.00,210.00,114.00,60.00,188.00,17.00,9.00,7.00,17.00
2024-06-24,455.00,160.00,115.00,60.00,174.00,9.00,14.00,12.00,11.00
2024-06-25,483.00,214.00,73.00,55.00,196.00,12.00,5.00,14.00,10.00
2024-06-26,850.00,364.00,271.00,55.00,385.00,66.00,35.00,17.00,32.00
2024-06-27,781.00,354.00,181.00,48.00,283.00,69.00,51.00,12.00,24.00
2024-06-28,832.00,333.00,169.00,69.00,296.00,80.00,55.00,11.00,21.00
2024-06-29,773.00,306.00,222.00,49.00,250.00,52.00,33.00,8.00,19.00
2024-06-30,741.00,301.00,199.00,91.00,289.00,60.00,50.00,7.00,26.00
2024-07-01,649.00,258.00,169.00,83.00,256.00,54.00,52.00,18.00,24.00
2024-07-02,731.00,262.00,181.00,86.00,229.00,58.00,31.00,18.00,24.00
2024-07-03,643.00,214.00,158.00,80.00,189.00,52.00,42.00,13.00,15.00
2024-07-04,658.00,212.00,121.00,85.00,188.00,61.00,44.00,16.00,22.00
2024-07-05,599.00,174.00,106.00,83.00,181.00,43.00,29.00,10.00,14.00
2024-07-06,646.00,181.00,137.00,166.00,149.00,36.00,25.00,43.00,21.00
2024-07-07,775.00,233.00,150.00,151.00,160.00,63.00,38.00,45.00,27.00
2024-07-08,603.00,202.00,122.00,131.00,158.00,65.00,39.00,22.00,30.00
2024-07-09,692.00,252.00,112.00,143.00,159.00,65.00,42.00,34.00,19.00
2024-07-10,566.00,209.00,132.00,91.00,127.00,39.00,29.00,24.00,18.00
2024-07-11,758.00,236.00,219.00,148.00,215.00,101.00,61.00,39.00,21.00
2024-07-12,704.00,200.00,182.00,133.00,199.00,85.00,59.00,30.00,28.00
2024-07-13,860.00,215.00,183.00,131.00,231.00,96.00,53.00,34.00,15.00
2024-07-14,740.00,242.00,213.00,154.00,219.00,79.00,65.00,38.00,17.00
2024-07-15,590.00,166.00,166.00,150.00,191.00,62.00,54.00,35.00,20.00
2024-07-16,665.00,234.00,215.00,138.00,195.00,78.00,63.00,36.00,20.00
2024-07-17,603.00,192.00,168.00,153.00,162.00,82.00,65.00,32.00,18.00
2024-07-18,666.00,236.00,184.00,185.00,178.00,86.00,64.00,40.00,19.00
2024-07-19,537.00,158.00,134.00,129.00,105.00,63.00,37.00,23.00,12.00
2024-07-20,642.00,172.00,157.00,102.00,157.00,55.00,46.00,20.00,11.00
2024-07-21,680.00,218.00,199.00,121.00,160.00,72.00,47.00,13.00,16.00
2024-07-22,748.00,222.00,233.00,138.00,213.00,111.00,60.00,8.00,22.00
2024-07-23,680.00,198.00,277.00,160.00,206.00,76.00,52.00,8.00,14.00
2024-07-24,938.00,181.00,211.00,135.00,177.00,84.00,37.00,16.00,10.00
2024-07-25,804.00,215.00,125.00,137.00,195.00,61.00,49.00,18.00,18.00
2024-07-26,775.00,157.00,92.00,122.00,138.00,76.00,46.00,18.00,13.00
2024-07-27,866.00,182.00,136.00,119.00,152.00,63.00,36.00,15.00,8.00
2024-07-28,817.00,199.00,101.00,118.00,173.00,66.00,34.00,18.00,7.00
2024-07-29,747.00,153.00,103.00,101.00,171.00,63.00,43.00,12.00,7.00
2024-07-30,904.00,227.00,119.00,160.00,202.00,86.00,71.00,11.00,20.00
2024-07-31,832.00,254.00,97.00,137.00,206.00,104.00,76.00,11.00,16.00
2024-08-01,767.00,220.00,72.00,145.00,165.00,85.00,78.00,15.00,11.00
2024-08-02,716.00,177.00,70.00,128.00,146.00,74.00,53.00,11.00,18.00
2024-08-03,715.00,182.00,77.00,105.00,165.00,65.00,41.00,7.00,11.00
2024-08-04,807.00,226.00,118.00,123.00,167.00,65.00,44.00,13.00,11.00
2024-08-05,690.00,154.00,84.00,131.00,176.00,71.00,57.00,12.00,12.00
2024-08-06,629.00,182.00,72.00,106.00,142.00,63.00,47.00,16.00,11.00
2024-08-07,572.00,252.00,59.00,152.00,167.00,83.00,70.00,12.00,20.00
2024-08-08,737.00,190.00,49.00,104.00,143.00,76.00,55.00,13.00,13.00
2024-08-09,570.00,188.00,40.00,104.00,115.00,64.00,49.00,10.00,9.00
2024-08-10,658.00,209.00,68.00,96.00,113.00,54.00,47.00,11.00,19.00
2024-08-11,663.00,203.00,47.00,97.00,104.00,53.00,39.00,9.00,14.00
2024-08-12,543.00,153.00,62.00,94.00,141.00,80.00,44.00,12.00,11.00
2024-08-13,614.00,166.00,60.00,87.00,168.00,86.00,48.00,11.00,14.00
2024-08-14,785.00,211.00,54.00,126.00,167.00,88.00,63.00,10.00,23.00
2024-08-15,726.00,161.00,59.00,82.00,152.00,59.00,50.00,11.00,17.00
2024-08-16,820.00,221.00,46.00,124.00,142.00,67.00,40.00,9.00,10.00
2024-08-17,735.00,190.00,52.00,122.00,143.00,69.00,42.00,4.00,16.00
2024-08-18,756.00,202.00,51.00,132.00,124.00,59.00,48.00,6.00,13.00
2024-08-19,642.00,132.00,61.00,126.00,136.00,58.00,63.00,13.00,23.00
2024-08-20,769.00,236.00,65.00,151.00,206.00,78.00,68.00,9.00,16.00
2024-08-21,641.00,174.00,69.00,125.00,195.00,50.00,60.00,8.00,15.00
2024-08-22,674.00,220.00,54.00,142.00,170.00,59.00,59.00,15.00,20.00
2024-08-23,670.00,177.00,72.00,131.00,163.00,56.00,56.00,12.00,14.00
2024-08-24,675.00,173.00,62.00,121.00,153.00,55.00,36.00,10.00,8.00
2024-08-25,599.00,200.00,58.00,115.00,181.00,51.00,59.00,14.00,13.00
2024-08-26,721.00,191.00,48.00,142.00,180.00,55.00,59.00,13.00,10.00
2024-08-27,850.00,302.00,53.00,215.00,223.00,67.00,75.00,9.00,24.00
2024-08-28,838.00,260.00,82.00,205.00,191.00,96.00,119.00,9.00,17.00
2024-08-29,314.00,71.00,56.00,73.00,61.00,40.00,37.00,13.00,8.00
2024-08-30,312.00,69.00,68.00,50.00,31.00,30.00,29.00,5.00,3.00
2024-08-31,336.00,79.00,91.00,67.00,56.00,42.00,21.00,15.00,2.00
2024-09-01,342.00,90.00,70.00,47.00,48.00,25.00,24.00,12.00,8.00
2024-09-02,305.00,69.00,83.00,69.00,46.00,24.00,23.00,11.00,12.00
2024-09-03,296.00,73.00,75.00,64.00,33.00,33.00,25.00,10.00,14.00
2024-09-04,270.00,87.00,69.00,57.00,39.00,35.00,25.00,12.00,9.00
2024-09-05,313.00,88.00,87.00,62.00,36.00,26.00,29.00,10.00,11.00
2024-09-06,283.00,65.00,63.00,61.00,43.00,27.00,30.00,10.00,7.00
2024-09-07,319.00,83.00,83.00,65.00,37.00,19.00,35.00,25.00,12.00
2024-09-08,326.00,105.00,87.00,64.00,52.00,26.00,26.00,9.00,9.00
2024-09-09,309.00,103.00,88.00,47.00,41.00,29.00,18.00,16.00,19.00
2024-09-10,307.00,125.00,66.00,62.00,53.00,22.00,17.00,12.00,16.00
2024-09-11,271.00,123.00,81.00,53.00,54.00,28.00,19.00,20.00,10.00
2024-09-12,306.00,133.00,75.00,65.00,55.00,27.00,18.00,17.00,25.00
2024-09-13,345.00,156.00,84.00,79.00,52.00,32.00,15.00,11.00,28.00
2024-09-14,315.00,182.00,78.00,68.00,61.00,19.00,11.00,9.00,37.00
2024-09-15,355.00,208.00,108.00,67.00,53.00,31.00,18.00,16.00,31.00
2024-09-16,285.00,151.00,77.00,84.00,52.00,26.00,24.00,10.00,23.00
2024-09-17,265.00,163.00,66.00,90.00,51.00,37.00,14.00,19.00,20.00
2024-09-18,257.00,121.00,56.00,72.00,42.00,27.00,13.00,6.00,13.00
2024-09-19,244.00,99.00,58.00,76.00,35.00,23.00,11.00,11.00,11.00
2024-09-20,297.00,95.00,67.00,76.00,35.00,30.00,15.00,7.00,15.00
2024-09-21,263.00,101.00,60.00,54.00,27.00,28.00,11.00,11.00,10.00
2024-09-22,300.00,128.00,55.00,63.00,35.00,36.00,20.00,11.00,21.00
2024-09-23,269.00,115.00,72.00,87.00,43.00,26.00,16.00,15.00,10.00
2024-09-24,314.00,120.00,74.00,70.00,60.00,30.00,35.00,18.00,18.00
2024-09-25,327.00,129.00,83.00,90.00,66.00,35.00,31.00,18.00,12.00
2024-09-26,359.00,133.00,106.00,78.00,52.00,36.00,23.00,20.00,13.00
2024-09-27,386.00,125.00,92.00,66.00,70.00,29.00,19.00,10.00,11.00
2024-09-28,357.00,165.00,103.00,67.00,81.00,34.00,27.00,21.00,19.00
2024-09-29,410.00,221.00,141.00,91.00,89.00,40.00,27.00,29.00,20.00
2024-09-30,444.00,174.00,93.00,84.00,62.00,42.00,25.00,23.00,17.00
2024-10-01,440.00,196.00,117.00,103.00,66.00,42.00,29.00,26.00,15.00
2024-10-02,332.00,172.00,112.00,103.00,74.00,38.00,31.00,22.00,14.00
2024-10-03,325.00,201.00,98.00,132.00,72.00,47.00,37.00,21.00,16.00
2024-10-04,316.00,193.00,78.00,106.00,58.00,24.00,17.00,18.00,19.00
2024-10-05,328.00,187.00,117.00,110.00,52.00,31.00,22.00,18.00,24.00
2024-10-06,444.00,256.00,134.00,142.00,72.00,39.00,35.00,25.00,25.00
2024-10-07,324.00,172.00,164.00,129.00,72.00,45.00,40.00,31.00,19.00
2024-10-08,323.00,190.00,160.00,120.00,67.00,89.00,43.00,22.00,21.00
2024-10-09,319.00,279.00,155.00,126.00,78.00,41.00,42.00,22.00,15.00
2024-10-10,425.00,173.00,127.00,110.00,91.00,26.00,20.00,35.00,17.00
2024-10-11,275.00,158.00,92.00,121.00,66.00,36.00,30.00,18.00,14.00
2024-10-12,397.00,189.00,114.00,107.00,59.00,41.00,21.00,15.00,16.00
2024-10-13,475.00,242.00,126.00,135.00,79.00,44.00,33.00,30.00,22.00
2024-10-14,409.00,195.00,115.00,137.00,61.00,31.00,26.00,25.00,22.00
2024-10-15,374.00,174.00,83.00,125.00,48.00,37.00,35.00,21.00,18.00
2024-10-16,343.00,146.00,90.00,134.00,60.00,36.00,43.00,19.00,30.00
2024-10-17,275.00,144.00,78.00,124.00,40.00,41.00,30.00,10.00,9.00
2024-10-18,317.00,122.00,90.00,119.00,44.00,41.00,21.00,21.00,12.00
2024-10-19,342.00,150.00,133.00,136.00,65.00,50.00,21.00,20.00,20.00
2024-10-20,426.00,163.00,136.00,154.00,66.00,42.00,20.00,27.00,20.00
2024-10-21,345.00,147.00,110.00,143.00,64.00,44.00,37.00,15.00,20.00
2024-10-22,313.00,133.00,118.00,120.00,54.00,36.00,20.00,19.00,12.00
2024-10-23,302.00,140.00,77.00,127.00,80.00,33.00,16.00,12.00,12.00
2024-10-24,286.00,103.00,87.00,115.00,74.00,36.00,23.00,16.00,16.00
2024-10-25,342.00,115.00,81.00,114.00,69.00,34.00,31.00,18.00,10.00
2024-10-26,346.00,148.00,113.00,107.00,66.00,34.00,28.00,14.00,10.00
2024-10-27,414.00,164.00,96.00,137.00,85.00,55.00,26.00,22.00,11.00
2024-10-28,365.00,140.00,105.00,148.00,71.00,46.00,23.00,24.00,17.00
2024-10-29,379.00,132.00,107.00,131.00,76.00,46.00,15.00,26.00,12.00
2024-10-30,320.00,128.00,104.00,115.00,69.00,44.00,32.00,36.00,17.00
2024-10-31,397.00,152.00,94.00,109.00,50.00,29.00,29.00,27.00,13.00
2024-11-01,374.00,158.00,97.00,133.00,57.00,39.00,27.00,30.00,18.00
2024-11-02,425.00,151.00,139.00,146.00,60.00,43.00,23.00,41.00,18.00
2024-11-03,455.00,247.00,110.00,211.00,84.00,49.00,40.00,56.00,26.00
2024-11-04,375.00,200.00,125.00,247.00,66.00,68.00,33.00,46.00,30.00
2024-11-05,332.00,196.00,132.00,164.00,62.00,39.00,37.00,30.00,22.00
2024-11-06,338.00,148.00,113.00,118.00,59.00,33.00,31.00,28.00,19.00
2024-11-07,491.00,209.00,130.00,160.00,60.00,38.00,25.00,28.00,14.00
2024-11-08,542.00,232.00,118.00,131.00,85.00,31.00,36.00,14.00,25.00
2024-11-09,580.00,286.00,149.00,190.00,85.00,52.00,23.00,39.00,29.00
2024-11-10,653.00,374.00,151.00,200.00,88.00,53.00,39.00,25.00,43.00
2024-11-11,608.00,291.00,190.00,251.00,86.00,48.00,46.00,38.00,42.00
2024-11-12,399.00,251.00,124.00,174.00,54.00,43.00,35.00,24.00,30.00
2024-11-13,382.00,243.00,124.00,154.00,60.00,46.00,26.00,30.00,32.00
2024-11-14,319.00,214.00,121.00,123.00,48.00,35.00,25.00,18.00,25.00
2024-11-15,380.00,178.00,88.00,129.00,47.00,29.00,20.00,18.00,21.00
2024-11-16,413.00,225.00,100.00,131.00,56.00,32.00,31.00,16.00,26.00
2024-11-17,514.00,297.00,130.00,155.00,66.00,36.00,25.00,27.00,32.00
2024-11-18,519.00,244.00,126.00,168.00,50.00,45.00,31.00,22.00,30.00
2024-11-19,526.00,266.00,147.00,185.00,52.00,45.00,36.00,28.00,15.00
2024-11-20,504.00,326.00,142.00,160.00,89.00,47.00,30.00,25.00,36.00
2024-11-21,479.00,358.00,161.00,143.00,70.00,36.00,23.00,32.00,33.00
2024-11-22,3777.00,1605.00,902.00,927.00,673.00,270.00,280.00,174.00,168.00
2024-11-23,3944.00,1758.00,1078.00,994.00,766.00,284.00,266.00,156.00,174.00
2024-11-24,3710.00,1727.00,950.00,1173.00,716.00,364.00,329.00,167.00,194.00
2024-11-25,2983.00,1149.00,756.00,991.00,636.00,311.00,357.00,145.00,142.00
2024-11-26,2722.00,1179.00,741.00,997.00,482.00,343.00,312.00,128.00,114.00
2024-11-27,2662.00,1225.00,890.00,935.00,630.00,312.00,365.00,163.00,119.00
2024-11-28,2996.00,1270.00,950.00,908.00,513.00,399.00,403.00,126.00,142.00
2024-11-29,6758.00,3154.00,1947.00,1608.00,1196.00,799.00,890.00,314.00,339.00
2024-11-30,5334.00,2538.00,1967.00,1593.00,848.00,562.00,510.00,232.00,222.00
2024-12-01,6387.00,3156.00,2439.00,2350.00,1043.00,727.00,636.00,284.00,257.00
2024-12-02,5233.00,2089.00,1643.00,1791.00,698.00,618.00,577.00,217.00,186.00
2024-12-03,3857.00,1471.00,1176.00,1227.00,482.00,382.00,386.00,154.00,145.00
2024-12-04,778.00,334.00,341.00,281.00,73.00,58.00,87.00,32.00,50.00
2024-12-05,551.00,231.00,274.00,238.00,45.00,43.00,42.00,33.00,24.00
2024-12-06,669.00,223.00,250.00,220.00,63.00,58.00,57.00,25.00,32.00
2024-12-07,736.00,283.00,271.00,247.00,69.00,54.00,46.00,42.00,42.00
2024-12-08,793.00,337.00,392.00,308.00,71.00,83.00,59.00,33.00,53.00
2024-12-09,790.00,340.00,344.00,406.00,66.00,93.00,68.00,49.00,48.00
2024-12-10,762.00,302.00,339.00,419.00,74.00,79.00,59.00,59.00,40.00
2024-12-11,724.00,331.00,367.00,402.00,68.00,78.00,55.00,48.00,39.00
2024-12-12,666.00,254.00,285.00,401.00,56.00,74.00,46.00,36.00,49.00
2024-12-13,736.00,255.00,260.00,441.00,46.00,84.00,63.00,42.00,37.00
2024-12-14,700.00,275.00,381.00,467.00,65.00,96.00,64.00,44.00,39.00
2024-12-15,850.00,346.00,387.00,618.00,77.00,119.00,62.00,74.00,39.00
2024-12-16,1107.00,385.00,362.00,637.00,67.00,146.00,79.00,55.00,53.00
2024-12-17,839.00,307.00,271.00,489.00,75.00,98.00,82.00,40.00,41.00
2024-12-18,933.00,265.00,258.00,469.00,71.00,72.00,55.00,26.00,54.00
2024-12-19,810.00,227.00,182.00,268.00,71.00,67.00,34.00,27.00,32.00
2024-12-20,807.00,192.00,173.00,209.00,76.00,60.00,20.00,23.00,20.00
2024-12-21,666.00,181.00,181.00,285.00,58.00,71.00,24.00,15.00,17.00
2024-12-22,451.00,206.00,132.00,265.00,74.00,73.00,26.00,18.00,19.00
2024-12-23,373.00,146.00,131.00,247.00,74.00,78.00,20.00,17.00,22.00
2024-12-24,343.00,171.00,116.00,217.00,71.00,52.00,14.00,15.00,8.00
2024-12-25,508.00,191.00,132.00,134.00,38.00,64.00,20.00,16.00,20.00
2024-12-26,958.00,164.00,169.00,106.00,85.00,82.00,33.00,16.00,18.00
2024-12-27,802.00,209.00,112.00,203.00,52.00,79.00,36.00,17.00,28.00
2024-12-28,657.00,226.00,118.00,179.00,64.00,102.00,23.00,10.00,30.00
2024-12-29,602.00,237.00,106.00,114.00,75.00,62.00,22.00,18.00,24.00
2024-12-30,607.00,205.00,129.00,141.00,94.00,82.00,16.00,18.00,25.00
2024-12-31,530.00,148.00,81.00,82.00,60.00,34.00,18.00,14.00,18.00
2025-01-01,531.00,142.00,77.00,76.00,53.00,35.00,15.00,14.00,15.00
2025-01-02,655.00,207.00,137.00,149.00,85.00,55.00,24.00,14.00,29.00
2025-01-03,1213.00,521.00,95.00,294.00,209.00,97.00,133.00,137.00,42.00
2025-01-04,1092.00,525.00,130.00,717.00,213.00,153.00,121.00,112.00,45.00
2025-01-05,1170.00,568.00,107.00,580.00,241.00,142.00,132.00,116.00,42.00
2025-01-06,947.00,434.00,87.00,581.00,183.00,245.00,103.00,78.00,44.00
2025-01-07,1145.00,478.00,247.00,481.00,214.00,279.00,117.00,74.00,40.00
2025-01-08,1035.00,437.00,858.00,405.00,192.00,211.00,109.00,92.00,45.00
2025-01-09,1012.00,497.00,538.00,404.00,199.00,208.00,101.00,106.00,36.00
2025-01-10,1006.00,377.00,381.00,348.00,155.00,184.00,91.00,89.00,36.00
2025-01-11,1222.00,444.00,564.00,416.00,217.00,181.00,107.00,109.00,26.00
2025-01-12,1181.00,461.00,500.00,479.00,221.00,183.00,100.00,104.00,41.00
2025-01-13,883.00,411.00,417.00,397.00,147.00,140.00,81.00,71.00,40.00
2025-01-14,884.00,426.00,350.00,338.00,140.00,142.00,70.00,81.00,30.00
2025-01-15,921.00,424.00,371.00,355.00,162.00,146.00,97.00,88.00,31.00
2025-01-16,882.00,392.00,390.00,354.00,164.00,118.00,83.00,68.00,31.00
2025-01-17,890.00,315.00,520.00,277.00,162.00,121.00,82.00,69.00,27.00
2025-01-18,990.00,364.00,617.00,340.00,172.00,112.00,63.00,79.00,27.00
2025-01-19,1073.00,407.00,561.00,319.00,199.00,128.00,67.00,91.00,48.00
2025-01-20,856.00,378.00,430.00,274.00,166.00,116.00,90.00,81.00,26.00
2025-01-21,1068.00,409.00,321.00,389.00,209.00,181.00,126.00,74.00,41.00
2025-01-22,1042.00,347.00,354.00,381.00,196.00,150.00,90.00,63.00,24.00
2025-01-23,926.00,302.00,291.00,324.00,162.00,100.00,76.00,49.00,27.00
2025-01-24,1028.00,338.00,361.00,312.00,232.00,118.00,92.00,23.00,29.00
2025-01-25,1012.00,301.00,345.00,269.00,194.00,125.00,73.00,33.00,16.00
2025-01-26,1114.00,312.00,329.00,279.00,196.00,100.00,96.00,21.00,20.00
2025-01-27,880.00,247.00,258.00,258.00,160.00,97.00,73.00,30.00,27.00
2025-01-28,878.00,238.00,284.00,255.00,148.00,100.00,75.00,17.00,30.00
2025-01-29,934.00,277.00,353.00,224.00,168.00,130.00,82.00,29.00,16.00
2025-01-30,836.00,270.00,319.00,234.00,136.00,114.00,74.00,23.00,15.00
2025-01-31,1103.00,262.00,338.00,192.00,165.00,115.00,81.00,32.00,22.00
2025-02-01,963.00,293.00,418.00,281.00,149.00,124.00,70.00,21.00,27.00
2025-02-02,978.00,311.00,399.00,254.00,168.00,107.00,68.00,28.00,26.00
2025-02-03,745.00,183.00,344.00,184.00,116.00,107.00,61.00,17.00,24.00
2025-02-04,831.00,258.00,400.00,184.00,169.00,102.00,72.00,33.00,17.00
2025-02-05,867.00,260.00,164.00,199.00,154.00,107.00,54.00,24.00,18.00
2025-02-06,894.00,323.00,134.00,227.00,151.00,103.00,74.00,17.00,25.00
2025-02-07,894.00,291.00,133.00,179.00,128.00,98.00,60.00,19.00,19.00
2025-02-08,1066.00,299.00,139.00,203.00,145.00,100.00,64.00,19.00,25.00
2025-02-09,1051.00,308.00,112.00,226.00,149.00,102.00,71.00,21.00,20.00
2025-02-10,859.00,204.00,117.00,170.00,101.00,118.00,56.00,28.00,14.00
2025-02-11,866.00,273.00,115.00,175.00,132.00,99.00,71.00,27.00,23.00
2025-02-12,862.00,268.00,118.00,166.00,124.00,91.00,62.00,25.00,26.00
2025-02-13,911.00,274.00,103.00,172.00,127.00,79.00,45.00,6.00,19.00
2025-02-14,789.00,274.00,85.00,145.00,123.00,78.00,40.00,6.00,14.00
2025-02-15,937.00,267.00,101.00,151.00,109.00,67.00,42.00,23.00,17.00
2025-02-16,912.00,305.00,102.00,179.00,125.00,60.00,51.00,18.00,17.00
2025-02-17,717.00,223.00,84.00,147.00,98.00,69.00,50.00,17.00,21.00
2025-02-18,770.00,212.00,80.00,148.00,96.00,70.00,45.00,9.00,15.00
2025-02-19,661.00,230.00,75.00,132.00,122.00,67.00,55.00,12.00,21.00
2025-02-20,820.00,237.00,73.00,189.00,124.00,76.00,59.00,12.00,20.00
2025-02-21,707.00,187.00,64.00,121.00,116.00,63.00,56.00,12.00,19.00
2025-02-22,644.00,224.00,85.00,142.00,106.00,53.00,41.00,15.00,10.00
2025-02-23,716.00,227.00,54.00,154.00,102.00,53.00,52.00,13.00,16.00
2025-02-24,497.00,156.00,76.00,110.00,92.00,39.00,47.00,16.00,20.00
2025-02-25,554.00,158.00,57.00,117.00,87.00,72.00,39.00,7.00,15.00
2025-02-26,632.00,149.00,84.00,126.00,95.00,52.00,46.00,15.00,16.00
2025-02-27,810.00,248.00,72.00,171.00,125.00,77.00,85.00,18.00,25.00
2025-02-28,398.00,98.00,75.00,78.00,49.00,34.00,21.00,8.00,15.00
2025-03-01,361.00,92.00,85.00,75.00,36.00,26.00,21.00,15.00,8.00
2025-03-02,352.00,102.00,101.00,78.00,34.00,38.00,18.00,8.00,10.00
2025-03-03,290.00,89.00,89.00,60.00,28.00,30.00,24.00,7.00,8.00
2025-03-04,248.00,80.00,95.00,105.00,58.00,37.00,30.00,15.00,7.00
2025-03-05,207.00,92.00,78.00,77.00,47.00,41.00,27.00,23.00,8.00
2025-03-06,201.00,92.00,84.00,68.00,35.00,37.00,14.00,11.00,13.00
2025-03-07,185.00,77.00,58.00,71.00,27.00,26.00,22.00,11.00,5.00
2025-03-08,205.00,87.00,70.00,61.00,21.00,22.00,22.00,7.00,5.00
2025-03-09,230.00,97.00,80.00,64.00,37.00,25.00,20.00,13.00,11.00
2025-03-10,230.00,86.00,79.00,75.00,33.00,28.00,29.00,20.00,7.00
2025-03-11,201.00,88.00,68.00,57.00,24.00,24.00,23.00,11.00,5.00
2025-03-12,174.00,94.00,90.00,71.00,33.00,29.00,23.00,7.00,8.00
2025-03-13,190.00,90.00,94.00,60.00,30.00,20.00,18.00,13.00,10.00
2025-03-14,236.00,100.00,85.00,72.00,46.00,51.00,35.00,17.00,9.00
2025-03-15,317.00,127.00,112.00,85.00,64.00,39.00,33.00,14.00,12.00
2025-03-16,282.00,110.00,85.00,82.00,45.00,31.00,40.00,15.00,8.00
2025-03-17,247.00,87.00,80.00,81.00,36.00,40.00,36.00,9.00,9.00
2025-03-18,231.00,94.00,80.00,80.00,49.00,44.00,37.00,16.00,11.00
2025-03-19,260.00,105.00,74.00,66.00,38.00,22.00,28.00,13.00,6.00
2025-03-20,331.00,132.00,100.00,92.00,58.00,32.00,34.00,19.00,16.00
2025-03-21,255.00,90.00,80.00,61.00,40.00,34.00,32.00,13.00,4.00
2025-03-22,376.00,95.00,82.00,69.00,54.00,37.00,36.00,7.00,8.00
2025-03-23,426.00,135.00,81.00,75.00,56.00,39.00,34.00,18.00,9.00
2025-03-24,487.00,132.00,99.00,111.00,82.00,50.00,52.00,17.00,14.00
2025-03-25,288.00,97.00,85.00,62.00,45.00,36.00,19.00,15.00,9.00
2025-03-26,307.00,101.00,71.00,60.00,64.00,33.00,19.00,15.00,7.00
2025-03-27,278.00,92.00,72.00,45.00,28.00,27.00,14.00,8.00,7.00
2025-03-28,311.00,94.00,62.00,62.00,43.00,19.00,25.00,8.00,10.00
2025-03-29,338.00,105.00,65.00,69.00,61.00,24.00,20.00,15.00,9.00
2025-03-30,302.00,133.00,72.00,55.00,73.00,21.00,11.00,14.00,10.00
2025-03-31,302.00,74.00,75.00,54.00,32.00,17.00,12.00,10.00,14.00
2025-04-01,261.00,94.00,80.00,70.00,38.00,21.00,18.00,10.00,8.00
2025-04-02,249.00,105.00,74.00,63.00,36.00,29.00,23.00,6.00,3.00
2025-04-03,219.00,63.00,52.00,52.00,39.00,25.00,10.00,9.00,2.00
2025-04-04,227.00,76.00,67.00,43.00,38.00,16.00,11.00,7.00,7.00
2025-04-05,229.00,86.00,64.00,47.00,23.00,22.00,13.00,8.00,8.00
2025-04-06,253.00,78.00,54.00,56.00,36.00,27.00,16.00,16.00,7.00
2025-04-07,195.00,62.00,65.00,58.00,35.00,20.00,13.00,8.00,7.00
2025-04-08,247.00,82.00,58.00,46.00,42.00,28.00,15.00,13.00,7.00
2025-04-09,195.00,61.00,66.00,38.00,31.00,25.00,11.00,11.00,4.00
2025-04-10,162.00,57.00,39.00,63.00,36.00,25.00,16.00,15.00,7.00
2025-04-11,154.00,49.00,56.00,41.00,30.00,17.00,8.00,7.00,3.00
2025-04-12,181.00,54.00,62.00,62.00,28.00,12.00,10.00,7.00,12.00
2025-04-13,210.00,80.00,61.00,70.00,45.00,22.00,11.00,10.00,8.00
2025-04-14,218.00,77.00,74.00,65.00,43.00,25.00,18.00,8.00,10.00
2025-04-15,199.00,86.00,75.00,54.00,45.00,21.00,14.00,10.00,6.00
2025-04-16,218.00,76.00,71.00,47.00,42.00,10.00,20.00,14.00,14.00
2025-04-17,178.00,64.00,75.00,61.00,40.00,13.00,20.00,17.00,8.00
2025-04-18,216.00,76.00,54.00,54.00,34.00,8.00,19.00,8.00,9.00
2025-04-19,202.00,59.00,85.00,49.00,42.00,15.00,20.00,7.00,5.00
2025-04-20,246.00,47.00,60.00,46.00,42.00,13.00,12.00,9.00,4.00
2025-04-21,251.00,87.00,64.00,43.00,41.00,17.00,15.00,15.00,8.00
2025-04-22,255.00,86.00,64.00,63.00,58.00,21.00,20.00,18.00,9.00
2025-04-23,230.00,108.00,71.00,61.00,46.00,19.00,24.00,18.00,3.00
2025-04-24,199.00,79.00,47.00,66.00,37.00,24.00,14.00,16.00,8.00
2025-04-25,237.00,74.00,63.00,47.00,49.00,14.00,9.00,10.00,4.00
2025-04-26,245.00,86.00,60.00,58.00,43.00,22.00,19.00,10.00,9.00
2025-04-27,211.00,75.00,57.00,58.00,45.00,13.00,11.00,14.00,8.00
2025-04-28,182.00,68.00,58.00,68.00,57.00,9.00,3.00,13.00,3.00
2025-04-29,207.00,54.00,53.00,53.00,47.00,16.00,13.00,14.00,6.00
2025-04-30,236.00,60.00,60.00,72.00,48.00,19.00,15.00,14.00,6.00
2025-05-01,190.00,66.00,49.00,61.00,48.00,23.00,16.00,13.00,4.00
2025-05-02,170.00,57.00,59.00,53.00,36.00,26.00,14.00,10.00,6.00
2025-05-03,204.00,64.00,51.00,67.00,40.00,18.00,11.00,16.00,8.00
2025-05-04,204.00,79.00,71.00,110.00,48.00,40.00,10.00,34.00,6.00
2025-05-05,235.00,71.00,58.00,121.00,44.00,32.00,13.00,27.00,9.00
2025-05-06,260.00,66.00,41.00,47.00,51.00,20.00,14.00,17.00,2.00
2025-05-07,326.00,71.00,50.00,36.00,52.00,20.00,21.00,24.00,9.00
2025-05-08,277.00,92.00,82.00,57.00,42.00,28.00,19.00,11.00,9.00
2025-05-09,282.00,76.00,101.00,65.00,32.00,20.00,17.00,15.00,7.00
2025-05-10,310.00,65.00,99.00,58.00,34.00,27.00,9.00,11.00,11.00
2025-05-11,351.00,90.00,86.00,82.00,54.00,26.00,22.00,10.00,10.00
2025-05-12,266.00,79.00,81.00,90.00,38.00,27.00,12.00,9.00,8.00
2025-05-13,367.00,86.00,94.00,86.00,56.00,35.00,16.00,12.00,8.00
2025-05-14,360.00,93.00,82.00,82.00,59.00,23.00,20.00,16.00,9.00
2025-05-15,326.00,87.00,93.00,64.00,52.00,23.00,11.00,14.00,5.00
2025-05-16,286.00,74.00,72.00,90.00,37.00,25.00,10.00,14.00,6.00
2025-05-17,302.00,66.00,78.00,79.00,40.00,18.00,17.00,16.00,11.00
2025-05-18,361.00,108.00,93.00,93.00,48.00,24.00,18.00,9.00,5.00
2025-05-19,331.00,84.00,101.00,103.00,45.00,36.00,19.00,16.00,6.00
2025-05-20,182.00,57.00,93.00,63.00,38.00,27.00,12.00,12.00,6.00
2025-05-21,189.00,70.00,119.00,94.00,53.00,20.00,13.00,3.00,4.00
2025-05-22,199.00,53.00,49.00,60.00,37.00,21.00,13.00,7.00,3.00
2025-05-23,203.00,67.00,51.00,64.00,59.00,20.00,14.00,8.00,7.00
2025-05-24,191.00,71.00,53.00,54.00,49.00,21.00,6.00,12.00,6.00
2025-05-25,210.00,103.00,48.00,51.00,65.00,20.00,8.00,10.00,4.00
2025-05-26,225.00,81.00,43.00,53.00,57.00,18.00,12.00,10.00,2.00
2025-05-27,204.00,71.00,65.00,51.00,58.00,27.00,15.00,7.00,3.00
2025-05-28,206.00,71.00,60.00,71.00,41.00,19.00,13.00,5.00,6.00
2025-05-29,174.00,77.00,75.00,47.00,49.00,21.00,13.00,14.00,6.00
2025-05-30,210.00,70.00,73.00,45.00,50.00,23.00,16.00,5.00,8.00
2025-05-31,213.00,88.00,54.00,34.00,42.00,12.00,9.00,11.00,1.00
2025-06-01,251.00,98.00,71.00,60.00,46.00,23.00,11.00,11.00,5.00
2025-06-02,206.00,88.00,76.00,65.00,37.00,27.00,15.00,10.00,10.00
2025-06-03,385.00,153.00,67.00,57.00,83.00,32.00,20.00,7.00,6.00
2025-06-04,335.00,115.00,90.00,50.00,78.00,18.00,10.00,18.00,6.00
